Source File,Line,File Name,Response
Site_access_docs.csv,1,C:\e_drive\.temp\twc-radix-data/sites/TLK7301/Access/TC016_TLK7301 Site Access Info Abbeyfeale.pdf,twc file id: 3958
Site_access_docs.csv,2,C:\e_drive\.temp\twc-radix-data/sites/TCK5002/Access/TC016_TCK5002 Site Access Info Aherla.pdf,twc file id: 3959
Site_access_docs.csv,3,C:\e_drive\.temp\twc-radix-data/sites/Anablaha - TKY6028/Access/TC016_TKY6028 Site Access Info Anablaha.pdf,twc file id: 3960
Site_access_docs.csv,4,C:\e_drive\.temp\twc-radix-data/sites/TGY5003/Access/TC016_TGY5003 Site Access Info Ardrahan.pdf,twc file id: 3961
Site_access_docs.csv,5,C:\e_drive\.temp\twc-radix-data/sites/Arklow - TWW3001/Access/TC016_TWW3001 Site Access Info Arklow.pdf,twc file id: 3962
Site_access_docs.csv,6,C:\e_drive\.temp\twc-radix-data/sites/Arranmore - TDL2001/Access/TC016_TDL2001 Site Access Info Arranmore.pdf,twc file id: 3963
Site_access_docs.csv,7,C:\e_drive\.temp\twc-radix-data/sites/TCN5006/Access/TC016_TCN5006 Site Access Info Arvanagh.pdf,twc file id: 3964
Site_access_docs.csv,8,C:\e_drive\.temp\twc-radix-data/sites/Athboy - TMH6057/Access/TC016_TMH6057 Site Access Info Athboy.pdf,twc file id: 3965
Site_access_docs.csv,9,C:\e_drive\.temp\twc-radix-data/sites/TLK5007/Access/TC016_TLK5007 Site Access Info Athea.pdf,Could not find file 'C:\e_drive\.temp\twc-radix-data\sites\TLK5007\Access\TC016_TLK5007 Site Access Info Athea.pdf'.
Site_access_docs.csv,10,C:\e_drive\.temp\twc-radix-data/sites/TGY5008/Access/TC016_TGY5008 Site Access Info Athenry.pdf,twc file id: 3966
Site_access_docs.csv,11,C:\e_drive\.temp\twc-radix-data/sites/Athlone HPO - TWH4001/Access/TC016_AT  Site Access Info Athlone HPO (Tower Access).pdf,Could not find file 'C:\e_drive\.temp\twc-radix-data\sites\Athlone HPO - TWH4001\Access\TC016_AT  Site Access Info Athlone HPO (Tower Access).pdf'.
Site_access_docs.csv,12,C:\e_drive\.temp\twc-radix-data/sites/Aughrim - TGY6018/Access/TC016_TGY6018 Site Access Info Aughrim.pdf,twc file id: 3967
Site_access_docs.csv,13,C:\e_drive\.temp\twc-radix-data/sites/Ayle - TMO6047/Access/TC016_TMO6047 Site Access Info Ayle.pdf,twc file id: 3968
Site_access_docs.csv,14,C:\e_drive\.temp\twc-radix-data/sites/TMO5012/Access/TC016_TMO5012 Site Access Info Balla.pdf,twc file id: 3969
Site_access_docs.csv,15,C:\e_drive\.temp\twc-radix-data/sites/Ballina - TMO1001/Access/TC016_TMO1001 Site Access Info Ballina.pdf,twc file id: 3970
Site_access_docs.csv,16,C:\e_drive\.temp\twc-radix-data/sites/TWX5030/Access/TC016_TWX5030 Site Access Info Ballinaboola.pdf,twc file id: 3971
Site_access_docs.csv,17,C:\e_drive\.temp\twc-radix-data/sites/Ballinaclashet - TCK6005/Access/TC016_TCK6005 Site Access Info Ballinaclashet.pdf,twc file id: 3972
Site_access_docs.csv,18,C:\e_drive\.temp\twc-radix-data/sites/TCK5018/Access/TC016_TCK5018 Site Access Info Ballinhassig.pdf,Could not find file 'C:\e_drive\.temp\twc-radix-data\sites\TCK5018\Access\TC016_TCK5018 Site Access Info Ballinhassig.pdf'.
Site_access_docs.csv,19,C:\e_drive\.temp\twc-radix-data/sites/Ballinrobe - TMO2002/Access/TC016_TMO2002 Site Access Info Ballinrobe.pdf,twc file id: 3973
Site_access_docs.csv,20,C:\e_drive\.temp\twc-radix-data/sites/TDU5020/Access/TC016_TDU5020 Site Access Info Ballyboden.pdf,twc file id: 3974
Site_access_docs.csv,21,C:\e_drive\.temp\twc-radix-data/sites/TLS5013/Access/TC016_TLS5013 Site Access Info Ballycolla.pdf,twc file id: 3975
Site_access_docs.csv,22,C:\e_drive\.temp\twc-radix-data/sites/Ballydavid - TKY6029/Access/TC016_TKY6029 Site Access Info Ballydavid.pdf,twc file id: 3976
Site_access_docs.csv,23,C:\e_drive\.temp\twc-radix-data/sites//Access/TC016_ Site Access Info Ballyfarnan.pdf,Could not find a part of the path 'C:\e_drive\.temp\twc-radix-data\sites\Access\TC016_ Site Access Info Ballyfarnan.pdf'.
Site_access_docs.csv,24,C:\e_drive\.temp\twc-radix-data/sites/Ballygar - TGY6019/Access/TC016_TGY6019 Site Access Info Ballygar.pdf,twc file id: 3977
Site_access_docs.csv,25,C:\e_drive\.temp\twc-radix-data/sites/Ballygarvan - TCK6006/Access/TC016_TCK6006 Site Access Info Ballygarvan.pdf,twc file id: 3978
Site_access_docs.csv,26,C:\e_drive\.temp\twc-radix-data/sites/Ballyguile 12m - TWW1043/Access/TC016_TWW1043 Site Access Info Ballyguile 12m.pdf,twc file id: 3979
Site_access_docs.csv,27,C:\e_drive\.temp\twc-radix-data/sites/Ballyguile 52m - TWW1002/Access/TC016_TWW1002 Site Access Info Ballyguile 52m.pdf,twc file id: 3980
Site_access_docs.csv,28,C:\e_drive\.temp\twc-radix-data/sites/TCN7304/Access/TC016_TCN7304 Site Access Info Ballyhaise.pdf,twc file id: 3981
Site_access_docs.csv,29,C:\e_drive\.temp\twc-radix-data/sites/Ballyhaunis - TMO6048/Access/TC016_TMO6048 Site Access Info Ballyhaunis.pdf,twc file id: 3982
Site_access_docs.csv,30,C:\e_drive\.temp\twc-radix-data/sites/Ballyhoura - TLK1003/Access/TC016_TLK1003 Site Access Info Ballyhoura.pdf,twc file id: 3983
Site_access_docs.csv,31,C:\e_drive\.temp\twc-radix-data/sites/Ballymakeeraa - TCK4002/Access/TC016_TCK4002 Site Access Info Ballymakeeraa.pdf,twc file id: 3984
Site_access_docs.csv,32,C:\e_drive\.temp\twc-radix-data/sites/TRN5028/Access/TC016_TRN5028 Site Access Info Ballymoe.pdf,twc file id: 3985
Site_access_docs.csv,33,C:\e_drive\.temp\twc-radix-data/sites/Ballymore - TWH6065/Access/TC016_TWH6065 Site Access Info Ballymore.pdf,twc file id: 3986
Site_access_docs.csv,34,C:\e_drive\.temp\twc-radix-data/sites/TKE5029/Access/TC016_TKE5029 Site Access Info Ballymore Eustace.pdf,twc file id: 3987
Site_access_docs.csv,35,C:\e_drive\.temp\twc-radix-data/sites/TSO5027/Access/TC016_TSO5027 Site Access Info Ballymote.pdf,twc file id: 3988
Site_access_docs.csv,36,C:\e_drive\.temp\twc-radix-data/sites/TKK7305/Access/TC016_TKK7305 Site Access Info Ballyragget.pdf,Could not find file 'C:\e_drive\.temp\twc-radix-data\sites\TKK7305\Access\TC016_TKK7305 Site Access Info Ballyragget.pdf'.
Site_access_docs.csv,37,C:\e_drive\.temp\twc-radix-data/sites/Ballyspellan - TKK1004/Access/TC016_TKK1004 Site Access Info Ballyspellan.pdf,twc file id: 3989
Site_access_docs.csv,38,C:\e_drive\.temp\twc-radix-data/sites/Baltimore - TCK6007/Access/TC016_TCK6007 Site Access Info Baltimore.pdf,twc file id: 3990
Site_access_docs.csv,39,C:\e_drive\.temp\twc-radix-data/sites/TWW5033/Access/TC016_TWW5033 Site Access Info Baltinglass.pdf,twc file id: 3991
Site_access_docs.csv,40,C:\e_drive\.temp\twc-radix-data/sites/TCK5034/Access/TC016_TCK5034 Site Access Info Bantry.pdf,twc file id: 3992
Site_access_docs.csv,41,C:\e_drive\.temp\twc-radix-data/sites/Barnesmore - TDL1005/Access/TC016_TDL1005 Site Access Info Barnesmore.pdf,twc file id: 3993
Site_access_docs.csv,42,C:\e_drive\.temp\twc-radix-data/sites/Behagh - TCE2003/Access/TC016_TCE2003 Site Access Info Behagh.pdf,twc file id: 3994
Site_access_docs.csv,43,C:\e_drive\.temp\twc-radix-data/sites/Belmullet - TMO2004/Access/TC016_TMO2004 Site Access Info Belmullet.pdf,twc file id: 3995
Site_access_docs.csv,44,C:\e_drive\.temp\twc-radix-data/sites/TCN5036/Access/TC016_TCN5036 Site Access Info Belturbet.pdf,twc file id: 3996
Site_access_docs.csv,45,C:\e_drive\.temp\twc-radix-data/sites/Ben Dash - TCE1006/Access/TC016_TCE1006 Site Access Info Ben Dash.pdf,twc file id: 3997
Site_access_docs.csv,46,C:\e_drive\.temp\twc-radix-data/sites/TMH5037/Access/TC016_TMH5037 Site Access Info Bettystown.pdf,twc file id: 3998
Site_access_docs.csv,47,C:\e_drive\.temp\twc-radix-data/sites/Blacksod - TMO6049/Access/TC016_TMO6049 Site Access Info Blacksod.pdf,twc file id: 3999
Site_access_docs.csv,48,C:\e_drive\.temp\twc-radix-data/sites/Blackwater RSU - TWX4003/Access/TC016_TWX4003 Site Access Info Blackwater RSU.pdf,Could not find a part of the path 'C:\e_drive\.temp\twc-radix-data\sites\Blackwater RSU - TWX4003\Access\TC016_TWX4003 Site Access Info Blackwater RSU.pdf'.
Site_access_docs.csv,49,C:\e_drive\.temp\twc-radix-data/sites/TDU7308/Access/TC016_TDU7308 Site Access Info Blanchardstown.pdf,twc file id: 4000
Site_access_docs.csv,50,C:\e_drive\.temp\twc-radix-data/sites/TCK7309/Access/TC016_TCK7309 Site Access Info Blarney.pdf,Could not find file 'C:\e_drive\.temp\twc-radix-data\sites\TCK7309\Access\TC016_TCK7309 Site Access Info Blarney.pdf'.
Site_access_docs.csv,51,C:\e_drive\.temp\twc-radix-data/sites/Borrisokane - TTP6063/Access/TC016_TTP6063 Site Access Info Borrisokane.pdf,twc file id: 4001
Site_access_docs.csv,52,C:\e_drive\.temp\twc-radix-data/sites/TRN7007/Access/TC016_TRN7007 Site Access Info Boyle.pdf,twc file id: 4002
Site_access_docs.csv,53,C:\e_drive\.temp\twc-radix-data/sites/Bracknagh - TKE2005/Access/TC016_TKE2005 Site Access Info Bracknagh.pdf,twc file id: 4003
Site_access_docs.csv,54,C:\e_drive\.temp\twc-radix-data/sites/Bralee - TSO1007/Access/TC016_TSO1007 Site Access Info Bralee.pdf,twc file id: 4004
Site_access_docs.csv,55,C:\e_drive\.temp\twc-radix-data/sites/Brosna - TKY6030/Access/TC016_TKY6030 Site Access Info Brosna.pdf,twc file id: 4005
Site_access_docs.csv,56,C:\e_drive\.temp\twc-radix-data/sites/Bunbeg - TDL2006/Access/TC016_TDL2006 Site Access Info Bunbeg.pdf,twc file id: 4006
Site_access_docs.csv,57,C:\e_drive\.temp\twc-radix-data/sites/TDL7310/Access/TC016_TDL7310 Site Access Info Bundoran.pdf,twc file id: 4007
Site_access_docs.csv,58,C:\e_drive\.temp\twc-radix-data/sites/Bweeng 30m - TCK3022/Access/TC016_TCK3022 Site Access Info Bweeng 30m.pdf,twc file id: 4008
Site_access_docs.csv,59,C:\e_drive\.temp\twc-radix-data/sites/Bweeng 47m - TCK3002/Access/TC016_TCK3002 Site Access Info Bweeng 47m.pdf,twc file id: 4009
Site_access_docs.csv,60,C:\e_drive\.temp\twc-radix-data/sites/TDU5045/Access/TC016_TDU5045 Site Access Info Cabra.pdf,twc file id: 4010
Site_access_docs.csv,61,C:\e_drive\.temp\twc-radix-data/sites/Caherdaniel - TKY1008/Access/TC016_TKY1008 Site Access Info Caherdaniel.pdf,twc file id: 4011
Site_access_docs.csv,62,C:\e_drive\.temp\twc-radix-data/sites/Caherdaniel - TKY6031/Access/TC016_TKY6031 Site Access Info Caherdaniel.pdf,twc file id: 4012
Site_access_docs.csv,63,C:\e_drive\.temp\twc-radix-data/sites/TLK7312/Access/TC016_TLK7312 Site Access Info Caherdavin.pdf,twc file id: 4013
Site_access_docs.csv,64,C:\e_drive\.temp\twc-radix-data/sites/Campile - TWX2007/Access/TC016_TWX2007 Site Access Info Campile.pdf,twc file id: 4014
Site_access_docs.csv,65,C:\e_drive\.temp\twc-radix-data/sites/Capard 21m - TLS1044/Access/TC016_TLS1044 Site Access Info Capard 21m.pdf,twc file id: 4015
Site_access_docs.csv,66,C:\e_drive\.temp\twc-radix-data/sites/Capard 38m - TLS1010/Access/TC016_TLS1010 Site Access Info Capard 38m.pdf,twc file id: 4016
Site_access_docs.csv,67,C:\e_drive\.temp\twc-radix-data/sites/Cappagh - TKE1009/Access/TC016_TKE1009 Site Access Info Cappagh.pdf,twc file id: 4017
Site_access_docs.csv,68,C:\e_drive\.temp\twc-radix-data/sites/Capparoe - TKY1011/Access/TC016_TKY1011 Site Access Info Capparoe.pdf,twc file id: 4018
Site_access_docs.csv,69,C:\e_drive\.temp\twc-radix-data/sites/Cappataggle 41m - TGY1046/Access/TC016_TGY1046 Site Access Info Cappataggle 41m.pdf,twc file id: 4019
Site_access_docs.csv,70,C:\e_drive\.temp\twc-radix-data/sites/Cappataggle 47m - TGY1012/Access/TC016_TGY1012 Site Access Info Cappataggle 47m.pdf,twc file id: 4020
Site_access_docs.csv,71,C:\e_drive\.temp\twc-radix-data/sites/TMH5050/Access/TC016_TMH5050 Site Access Info Carlanstown.pdf,twc file id: 4021
Site_access_docs.csv,72,C:\e_drive\.temp\twc-radix-data/sites/TCW5053/Access/TC016_TCW5053 Site Access Info Carlow Town Centre.pdf,twc file id: 4022
Site_access_docs.csv,73,C:\e_drive\.temp\twc-radix-data/sites/TCW5052/Access/TC016_TCW5052 Site Access Info Carlow Town North.pdf,twc file id: 4023
Site_access_docs.csv,74,C:\e_drive\.temp\twc-radix-data/sites/Carndonagh - TDL6012/Access/TC016_TDL6012 Site Access Info Carndonagh.pdf,twc file id: 4024
Site_access_docs.csv,75,C:\e_drive\.temp\twc-radix-data/sites/Carran - TCE1013/Access/TC016_TCE1013 Site Access Info Carran.pdf,twc file id: 4025
Site_access_docs.csv,76,C:\e_drive\.temp\twc-radix-data/sites/Carrickmacross - TMN2008/Access/TC016_TMN2008 Site Access Info Carrickmacross.pdf,twc file id: 4026
Site_access_docs.csv,77,C:\e_drive\.temp\twc-radix-data/sites/Carrigadoon Hill - TTP3003/Access/TC016_TTP3003 Site Access Info Carrigadoon Hill.pdf,twc file id: 4027
Site_access_docs.csv,78,C:\e_drive\.temp\twc-radix-data/sites/Cashel - TGY6020/Access/TC016_TGY6020 Site Access Info Cashel.pdf,twc file id: 4028
Site_access_docs.csv,79,C:\e_drive\.temp\twc-radix-data/sites/Cashelgarren - TSO2009/Access/TC016_TSO2009 Site Access Info Cashelgarren.pdf,twc file id: 4029
Site_access_docs.csv,80,C:\e_drive\.temp\twc-radix-data/sites/Castlebar - TMO2010/Access/TC016_TMO2010 Site Access Info Castlebar.pdf,twc file id: 4030
Site_access_docs.csv,81,C:\e_drive\.temp\twc-radix-data/sites/Castletownbere - TCK2011/Access/TC016_TCK2011 Site Access Info Castletownbere.pdf,twc file id: 4031
Site_access_docs.csv,82,C:\e_drive\.temp\twc-radix-data/sites/TCN7315/Access/TC016_TCN7315 Site Access Info Cavan.pdf,twc file id: 4032
Site_access_docs.csv,83,C:\e_drive\.temp\twc-radix-data/sites/Celbridge - TKE6035/Access/TC016_TKE6035 Site Access Info Celbridge.pdf,twc file id: 4033
Site_access_docs.csv,84,C:\e_drive\.temp\twc-radix-data/sites/Churchfield - TCK2012/Access/TC016_TCK2012 Site Access Info Churchfield.pdf,twc file id: 4034
Site_access_docs.csv,85,C:\e_drive\.temp\twc-radix-data/sites/City West - TDU4004/Access/TC016_TDU4004 Site Access Info City West.pdf,twc file id: 4035
Site_access_docs.csv,86,C:\e_drive\.temp\twc-radix-data/sites/Clane - TKE6036/Access/TC016_TKE6036 Site Access Info Clane.pdf,twc file id: 4036
Site_access_docs.csv,87,C:\e_drive\.temp\twc-radix-data/sites/Clifden O'Malley - TGY1014/Access/TC016_TGY1014 Site Access Info Clifden O'Malley.pdf,twc file id: 4037
Site_access_docs.csv,88,C:\e_drive\.temp\twc-radix-data/sites/Clonbern - TGY6021/Access/TC016_TGY6021 Site Access Info Clonbern.pdf,twc file id: 4038
Site_access_docs.csv,89,C:\e_drive\.temp\twc-radix-data/sites/TRN5077/Access/TC016_TRN5077 Site Access Info Cloonfad.pdf,twc file id: 4039
Site_access_docs.csv,90,C:\e_drive\.temp\twc-radix-data/sites/Clough - TLS6037/Access/TC016_TLS6037 Site Access Info Clough.pdf,twc file id: 4040
Site_access_docs.csv,91,C:\e_drive\.temp\twc-radix-data/sites/Coolmine - TDU2013/Access/TC016_TDU2013 Site Access Info Coolmine.pdf,twc file id: 4041
Site_access_docs.csv,92,C:\e_drive\.temp\twc-radix-data/sites/Coolrain - TLS6038/Access/TC016_TLS6038 Site Access Info Coolrain.pdf,twc file id: 4042
Site_access_docs.csv,93,C:\e_drive\.temp\twc-radix-data/sites/TCN7018/Access/TC016_TCN7018 Site Access Info Cootehill.pdf,twc file id: 4043
Site_access_docs.csv,94,C:\e_drive\.temp\twc-radix-data/sites/Coronea - TCK1015/Access/TC016_TCK1015 Site Access Info Coronea.pdf,twc file id: 4044
Site_access_docs.csv,95,C:\e_drive\.temp\twc-radix-data/sites/TWX7020/Access/TC016_TWX7020 Site Access Info Courtown.pdf,twc file id: 4045
Site_access_docs.csv,96,C:\e_drive\.temp\twc-radix-data/sites/Creeslough - TDL6013/Access/TC016_TDL6013 Site Access Info Creeslough.pdf,twc file id: 4046
Site_access_docs.csv,97,C:\e_drive\.temp\twc-radix-data/sites/Croaghmoyle - TMO6050/Access/TC016_TMO6050 Site Access Info Croaghmoyle.pdf,twc file id: 4047
Site_access_docs.csv,98,C:\e_drive\.temp\twc-radix-data/sites/TLK7021/Access/TC016_TLK7021 Site Access Info Croom.pdf,twc file id: 4048
Site_access_docs.csv,99,C:\e_drive\.temp\twc-radix-data/sites/TMH5085/Access/TC016_TMH5085 Site Access Info Crossakiel.pdf,twc file id: 4049
Site_access_docs.csv,100,C:\e_drive\.temp\twc-radix-data/sites/Cullahill Exchange - TLS4005/Access/TC016_TLS4005 Site Access Info Cullahill Exchange.pdf,Could not find file 'C:\e_drive\.temp\twc-radix-data\sites\Cullahill Exchange - TLS4005\Access\TC016_TLS4005 Site Access Info Cullahill Exchange.pdf'.
Site_access_docs.csv,101,C:\e_drive\.temp\twc-radix-data/sites/Curraross - TKY1016/Access/TC016_TKY1016 Site Access Info Curraross.pdf,twc file id: 4050
Site_access_docs.csv,102,C:\e_drive\.temp\twc-radix-data/sites/Dame Court - TDU3004/Access/TC016_DC Site Access Info Dame Court.pdf,twc file id: 4051
Site_access_docs.csv,103,C:\e_drive\.temp\twc-radix-data/sites/Delvin - TWH6066/Access/TC016_TWH6066 Site Access Info Delvin.pdf,twc file id: 4052
Site_access_docs.csv,104,C:\e_drive\.temp\twc-radix-data/sites/Derryquin - TKY1017/Access/TC016_TKY1017 Site Access Info Derryquin.pdf,twc file id: 4053
Site_access_docs.csv,105,C:\e_drive\.temp\twc-radix-data/sites/Dingle - TKY2014/Access/TC016_TKY2014 Site Access Info Dingle.pdf,twc file id: 4054
Site_access_docs.csv,106,C:\e_drive\.temp\twc-radix-data/sites/Donamon - TRN6061/Access/TC016_TRN6061 Site Access Info Donamon.pdf,twc file id: 4055
Site_access_docs.csv,107,C:\e_drive\.temp\twc-radix-data/sites/Donegal Exchange - TDL3005/Access/TC016_DE Site Access Info Donegal Exchange.pdf,twc file id: 4056
Site_access_docs.csv,108,C:\e_drive\.temp\twc-radix-data/sites/TLK7321/Access/TC016_TLK7321 Site Access Info Dooradoyle.pdf,twc file id: 4057
Site_access_docs.csv,109,C:\e_drive\.temp\twc-radix-data/sites/TCK5094/Access/TC016_TCK5094 Site Access Info Douglas.pdf,twc file id: 4058
Site_access_docs.csv,110,C:\e_drive\.temp\twc-radix-data/sites/Dowra - TLM6040/Access/TC016_TLM6040 Site Access Info Dowra.pdf,twc file id: 4059
Site_access_docs.csv,111,C:\e_drive\.temp\twc-radix-data/sites/TCK7322/Access/TC016_TCK7322 Site Access Info Drinagh.pdf,twc file id: 4060
Site_access_docs.csv,112,C:\e_drive\.temp\twc-radix-data/sites/Drogheda - TLH6046/Access/TC016_TLH6046 Site Access Info Drogheda.pdf,twc file id: 4061
Site_access_docs.csv,113,C:\e_drive\.temp\twc-radix-data/sites/Drumgold - TWX1018/Access/TC016_TWX1018 Site Access Info Drumgold.pdf,twc file id: 4062
Site_access_docs.csv,114,C:\e_drive\.temp\twc-radix-data/sites/Drumkeeran - TLM6041/Access/TC016_TLM6041 Site Access Info Drumkeeran.pdf,twc file id: 4063
Site_access_docs.csv,115,C:\e_drive\.temp\twc-radix-data/sites/TMH5102/Access/TC016_TMH5102 Site Access Info Dunboyne.pdf,twc file id: 4064
Site_access_docs.csv,116,C:\e_drive\.temp\twc-radix-data/sites/Dundalk Ramparts - TLH2015/Access/TC016_TLH2015 Site Access Info Dundalk Ramparts.pdf,twc file id: 4065
Site_access_docs.csv,117,C:\e_drive\.temp\twc-radix-data/sites/Dunglow - TDL2016/Access/TC016_TDL2016 Site Access Info Dunglow.pdf,twc file id: 4066
Site_access_docs.csv,118,C:\e_drive\.temp\twc-radix-data/sites/Duniry - TGY6022/Access/TC016_TGY6022 Site Access Info Duniry.pdf,twc file id: 4067
Site_access_docs.csv,119,C:\e_drive\.temp\twc-radix-data/sites/TGY7323/Access/TC016_TGY7323 Site Access Info Dunmore.pdf,twc file id: 4068
Site_access_docs.csv,120,C:\e_drive\.temp\twc-radix-data/sites/Dunmurry Hill - TKE1019/Access/TC016_TKE1019 Site Access Info Dunmurry Hill.pdf,twc file id: 4069
Site_access_docs.csv,121,C:\e_drive\.temp\twc-radix-data/sites/TMH7023/Access/TC016_TMH7023 Site Access Info Dunshaughlin.pdf,twc file id: 4070
Site_access_docs.csv,122,C:\e_drive\.temp\twc-radix-data/sites/Elfordstown - TCK2017/Access/TC016_TCK2017 Site Access Info Elfordstown.pdf,twc file id: 4071
Site_access_docs.csv,123,C:\e_drive\.temp\twc-radix-data/sites/Ennis - TCE3006/Access/TC016_TCE3006 Site Access Info Ennis.pdf,twc file id: 4072
Site_access_docs.csv,124,C:\e_drive\.temp\twc-radix-data/sites/Enniscorthy - TWX2018/Access/TC016_TWX2018 Site Access Info Enniscorthy.pdf,twc file id: 4073
Site_access_docs.csv,125,C:\e_drive\.temp\twc-radix-data/sites/Eyeries - TCK6008/Access/TC016_TCK6008 Site Access Info Eyeries.pdf,twc file id: 4074
Site_access_docs.csv,126,C:\e_drive\.temp\twc-radix-data/sites/Farnaght - TMO6052/Access/TC016_TMO6052 Site Access Info Farnaght.pdf,twc file id: 4075
Site_access_docs.csv,127,C:\e_drive\.temp\twc-radix-data/sites/Ferbane - TOY6059/Access/TC016_TOY6059 Site Access Info Ferbane.pdf,twc file id: 4076
Site_access_docs.csv,128,C:\e_drive\.temp\twc-radix-data/sites/Fermoy - TCK2019/Access/TC016_TCK2019 Site Access Info Fermoy.pdf,twc file id: 4077
Site_access_docs.csv,129,C:\e_drive\.temp\twc-radix-data/sites/TTP5111/Access/TC016_TTP5111 Site Access Info Fethard.pdf,twc file id: 4078
Site_access_docs.csv,130,C:\e_drive\.temp\twc-radix-data/sites/Fintown - TDL6014/Access/TC016_TDL6014 Site Access Info Fintown.pdf,twc file id: 4079
Site_access_docs.csv,131,C:\e_drive\.temp\twc-radix-data/sites/Fourknocks - TMH1020/Access/TC016_TMH1020 Site Access Info Fourknocks.pdf,twc file id: 4080
Site_access_docs.csv,132,C:\e_drive\.temp\twc-radix-data/sites/TDU5113/Access/TC016_TDU5113 Site Access Info Foxrock.pdf,twc file id: 4081
Site_access_docs.csv,133,C:\e_drive\.temp\twc-radix-data/sites/TLK7026/Access/TC016_TLK7026 Site Access Info Foynes.pdf,Could not find file 'C:\e_drive\.temp\twc-radix-data\sites\TLK7026\Access\TC016_TLK7026 Site Access Info Foynes.pdf'.
Site_access_docs.csv,134,C:\e_drive\.temp\twc-radix-data/sites/TRN7325/Access/TC016_TRN7325 Site Access Info Frenchpark.pdf,twc file id: 4082
Site_access_docs.csv,135,C:\e_drive\.temp\twc-radix-data/sites/Gallows Hill - TWD2020/Access/TC016_TWD2020 Site Access Info Gallows Hill.pdf,twc file id: 4083
Site_access_docs.csv,136,C:\e_drive\.temp\twc-radix-data/sites/Galway - TGY3007/Access/TC016_HP Site Access Info Galway HPO.pdf,twc file id: 4084
Site_access_docs.csv,137,C:\e_drive\.temp\twc-radix-data/sites/Geesala - TMO6053/Access/TC016_TMO6053 Site Access Info Geesala.pdf,twc file id: 4085
Site_access_docs.csv,138,C:\e_drive\.temp\twc-radix-data/sites/Glencar - TKY6032/Access/TC016_TKY6032 Site Access Info Glencar.pdf,twc file id: 4086
Site_access_docs.csv,139,C:\e_drive\.temp\twc-radix-data/sites/TWW7027/Access/TC016_TWW7027 Site Access Info Glenealy.pdf,twc file id: 4087
Site_access_docs.csv,140,C:\e_drive\.temp\twc-radix-data/sites/Glengoole 30m - TTP1045/Access/TC016_TTP1045 Site Access Info Glengoole 30m.pdf,twc file id: 4088
Site_access_docs.csv,141,C:\e_drive\.temp\twc-radix-data/sites/Glengoole 48m - TTP1021/Access/TC016_TTP1021 Site Access Info Glengoole 48m.pdf,twc file id: 4089
Site_access_docs.csv,142,C:\e_drive\.temp\twc-radix-data/sites/Glenroe - TLK6043/Access/TC016_TLK6043 Site Access Info Glenroe.pdf,twc file id: 4090
Site_access_docs.csv,143,C:\e_drive\.temp\twc-radix-data/sites/Glenteige - TWW3008/Access/TC016_TWW3008 Site Access Info Glenteige.pdf,twc file id: 4091
Site_access_docs.csv,144,C:\e_drive\.temp\twc-radix-data/sites/Glenties - TDL2021/Access/TC016_TDL2021 Site Access Info Glenties.pdf,twc file id: 4092
Site_access_docs.csv,145,C:\e_drive\.temp\twc-radix-data/sites/TLK7326/Access/TC016_TLK7326 Site Access Info Glin.pdf,twc file id: 4093
Site_access_docs.csv,146,C:\e_drive\.temp\twc-radix-data/sites/TGY5121/Access/TC016_TGY5121 Site Access Info Gort.pdf,twc file id: 4094
Site_access_docs.csv,147,C:\e_drive\.temp\twc-radix-data/sites/Hacketstown - TCW6001/Access/TC016_TCW6001 Site Access Info Hacketstown.pdf,twc file id: 4095
Site_access_docs.csv,148,C:\e_drive\.temp\twc-radix-data/sites/Headford - TKY6033/Access/TC016_TKY6033 Site Access Info Headford.pdf,twc file id: 4096
Site_access_docs.csv,149,C:\e_drive\.temp\twc-radix-data/sites/TGY5124/Access/TC016_TGY5124 Site Access Info Headford.pdf,twc file id: 4097
Site_access_docs.csv,150,C:\e_drive\.temp\twc-radix-data/sites/Inchee - TKY1022/Access/TC016_TKY1022 Site Access Info Inchee.pdf,twc file id: 4098
Site_access_docs.csv,151,C:\e_drive\.temp\twc-radix-data/sites/Inishbofin - TGY6023/Access/TC016_TGY6023 Site Access Info Inishbofin.pdf,twc file id: 4099
Site_access_docs.csv,152,C:\e_drive\.temp\twc-radix-data/sites/Inisheer - TGY2022/Access/TC016_TGY2022 Site Access Info Inisheer.pdf,twc file id: 4100
Site_access_docs.csv,153,C:\e_drive\.temp\twc-radix-data/sites/Inishmaan - TGY2023/Access/TC016_TGY2023 Site Access Info Inishmaan.pdf,twc file id: 4101
Site_access_docs.csv,154,C:\e_drive\.temp\twc-radix-data/sites/Inishturk - TMO4006/Access/TC016_TMO4006 Site Access Info Inishturk.pdf,Could not find a part of the path 'C:\e_drive\.temp\twc-radix-data\sites\Inishturk - TMO4006\Access\TC016_TMO4006 Site Access Info Inishturk.pdf'.
Site_access_docs.csv,155,C:\e_drive\.temp\twc-radix-data/sites/Keel - TMO6054/Access/TC016_TMO6054 Site Access Info Keel.pdf,twc file id: 4102
Site_access_docs.csv,156,C:\e_drive\.temp\twc-radix-data/sites/Kenmare - TKY2024/Access/TC016_TKY2024 Site Access Info Kenmare.pdf,twc file id: 4103
Site_access_docs.csv,157,C:\e_drive\.temp\twc-radix-data/sites/Kilbride - TMO1023/Access/TC016_TMO1023 Site Access Info Kilbride.pdf,twc file id: 4104
Site_access_docs.csv,158,C:\e_drive\.temp\twc-radix-data/sites/Kilbrittain - TCK6009/Access/TC016_TCK6009 Site Access Info Kilbrittain.pdf,twc file id: 4105
Site_access_docs.csv,159,C:\e_drive\.temp\twc-radix-data/sites/Kilcornan - TCE1024/Access/TC016_TCE1024 Site Access Info Kilcornan.pdf,twc file id: 4106
Site_access_docs.csv,160,C:\e_drive\.temp\twc-radix-data/sites/TKE5130/Access/TC016_TKE5130 Site Access Info Kilcullen.pdf,twc file id: 4107
Site_access_docs.csv,161,C:\e_drive\.temp\twc-radix-data/sites/Kildorrery - TCK3009/Access/TC016_TCK3009 Site Access Info Kildorrery.pdf,twc file id: 4108
Site_access_docs.csv,162,C:\e_drive\.temp\twc-radix-data/sites/Kilduff - TTP3010/Access/TC016_TTP3010 Site Access Info Kilduff.pdf,twc file id: 4109
Site_access_docs.csv,163,C:\e_drive\.temp\twc-radix-data/sites/Kilgarvan - TKY4007/Access/TC016_TKY4007 Site Access Info Kilgarvan.pdf,twc file id: 4110
Site_access_docs.csv,164,C:\e_drive\.temp\twc-radix-data/sites/Kilkeaveragh - TKY1025/Access/TC016_TKY1025 Site Access Info Kilkeaveragh.pdf,twc file id: 4111
Site_access_docs.csv,165,C:\e_drive\.temp\twc-radix-data/sites/Killala - TMO6055/Access/TC016_TMO6055 Site Access Info Killala.pdf,twc file id: 4112
Site_access_docs.csv,166,C:\e_drive\.temp\twc-radix-data/sites/Killarney - TKY2025/Access/TC016_TKY2025 Site Access Info Killarney.pdf,twc file id: 4113
Site_access_docs.csv,167,C:\e_drive\.temp\twc-radix-data/sites/Killorglin - TKY3011/Access/TC016_TKY3011 Site Access Info Killorglin.pdf,twc file id: 4114
Site_access_docs.csv,168,C:\e_drive\.temp\twc-radix-data/sites/Killybegs - TDL3012/Access/TC016_TDL3012 Site Access Info Killybegs.pdf,twc file id: 4115
Site_access_docs.csv,169,C:\e_drive\.temp\twc-radix-data/sites/TWD5136/Access/TC016_TWD5136 Site Access Info Kilmacthomas.pdf,Could not find file 'C:\e_drive\.temp\twc-radix-data\sites\TWD5136\Access\TC016_TWD5136 Site Access Info Kilmacthomas.pdf'.
Site_access_docs.csv,170,C:\e_drive\.temp\twc-radix-data/sites/Kilmore - TRN6062/Access/TC016_TRN6062 Site Access Info Kilmore.pdf,twc file id: 4116
Site_access_docs.csv,171,C:\e_drive\.temp\twc-radix-data/sites/Kilmuckridge - TWX2026/Access/TC016_TWX2026 Site Access Info Kilmuckridge.pdf,twc file id: 4117
Site_access_docs.csv,172,C:\e_drive\.temp\twc-radix-data/sites/TGY5139/Access/TC016_TGY5139 Site Access Info Kilreekil.pdf,twc file id: 4118
Site_access_docs.csv,173,C:\e_drive\.temp\twc-radix-data/sites/Kilronan - TGY2027/Access/TC016_TGY2027 Site Access Info Kilronan.pdf,twc file id: 4119
Site_access_docs.csv,174,C:\e_drive\.temp\twc-radix-data/sites/Kilrush - TCE2028/Access/TC016_TCE2028 Site Access Info Kilrush.pdf,twc file id: 4120
Site_access_docs.csv,175,C:\e_drive\.temp\twc-radix-data/sites/Kiltyclogher - TLM6042/Access/TC016_TLM6042 Site Access Info Kiltyclogher.pdf,twc file id: 4121
Site_access_docs.csv,176,C:\e_drive\.temp\twc-radix-data/sites/Knock - TMO6056/Access/TC016_TMO6056 Site Access Info Knock.pdf,twc file id: 4122
Site_access_docs.csv,177,C:\e_drive\.temp\twc-radix-data/sites/Knockaneagh - TCK1026/Access/TC016_TCK1026 Site Access Info Knockaneagh.pdf,twc file id: 4123
Site_access_docs.csv,178,C:\e_drive\.temp\twc-radix-data/sites/Knockanimpaha - TLK1027/Access/TC016_TLK1027 Site Access Info Knockanimpaha.pdf,twc file id: 4124
Site_access_docs.csv,179,C:\e_drive\.temp\twc-radix-data/sites/Knockanore - TKY1028/Access/TC016_TKY1028 Site Access Info Knockanore.pdf,twc file id: 4125
Site_access_docs.csv,180,C:\e_drive\.temp\twc-radix-data/sites/Knockgour - TCK1029/Access/TC016_TCK1029 Site Access Info Knockgour.pdf,twc file id: 4126
Site_access_docs.csv,181,C:\e_drive\.temp\twc-radix-data/sites/Knockletterfore - TGY1030/Access/TC016_TGY1030 Site Access Info Knockletterfore.pdf,twc file id: 4127
Site_access_docs.csv,182,C:\e_drive\.temp\twc-radix-data/sites/Knockmay - TLS2029/Access/TC016_TLS2029 Site Access Info Knockmay.pdf,twc file id: 4128
Site_access_docs.csv,183,C:\e_drive\.temp\twc-radix-data/sites/Knocknaboul - TKY1031/Access/TC016_TKY1031 Site Access Info Knocknaboul.pdf,twc file id: 4129
Site_access_docs.csv,184,C:\e_drive\.temp\twc-radix-data/sites/Labasheeda - TCE6002/Access/TC016_TCE6002 Site Access Info Labasheeda.pdf,twc file id: 4130
Site_access_docs.csv,185,C:\e_drive\.temp\twc-radix-data/sites/Laghtseefin - TTP1032/Access/TC016_TTP1032 Site Access Info Laghtseefin.pdf,Could not find file 'C:\e_drive\.temp\twc-radix-data\sites\Laghtseefin - TTP1032\Access\TC016_TTP1032 Site Access Info Laghtseefin.pdf'.
Site_access_docs.csv,186,C:\e_drive\.temp\twc-radix-data/sites/Leabeg - TOY3013/Access/TC016_TOY3013 Site Access Info Leabeg.pdf,twc file id: 4131
Site_access_docs.csv,187,C:\e_drive\.temp\twc-radix-data/sites/TKE5147/Access/TC016_TKE5147 Site Access Info Leixlip.pdf,Could not find file 'C:\e_drive\.temp\twc-radix-data\sites\TKE5147\Access\TC016_TKE5147 Site Access Info Leixlip.pdf'.
Site_access_docs.csv,188,C:\e_drive\.temp\twc-radix-data/sites/Letterfrack - TGY2030/Access/TC016_TGY2030 Site Access Info Letterfrack.pdf,twc file id: 4132
Site_access_docs.csv,189,C:\e_drive\.temp\twc-radix-data/sites/Letterkenny - TDL3014/Access/TC016_LK Site Access Info Letterkenny.pdf,twc file id: 4133
Site_access_docs.csv,190,C:\e_drive\.temp\twc-radix-data/sites/Lislevane - TCK6010/Access/TC016_TCK6010 Site Access Info Lislevane.pdf,twc file id: 4134
Site_access_docs.csv,191,C:\e_drive\.temp\twc-radix-data/sites/Listowel - TKY2031/Access/TC016_TKY2013 Site Access Info Listowel.pdf,twc file id: 4135
Site_access_docs.csv,192,C:\e_drive\.temp\twc-radix-data/sites/TTP5149/Access/TC016_TTP5149 Site Access Info Littleton.pdf,twc file id: 4136
Site_access_docs.csv,193,C:\e_drive\.temp\twc-radix-data/sites/TDU5153/Access/TC016_TDU5153 Site Access Info Lucan RT.pdf,twc file id: 4137
Site_access_docs.csv,194,C:\e_drive\.temp\twc-radix-data/sites/TDU7336/Access/TC016_TDU7336 Site Access Info Lucan.pdf,twc file id: 4138
Site_access_docs.csv,195,C:\e_drive\.temp\twc-radix-data/sites/Lyracrompane - TKY6034/Access/TC016_TKY6034 Site Access Info Lyracrompane.pdf,twc file id: 4139
Site_access_docs.csv,196,C:\e_drive\.temp\twc-radix-data/sites/TCK5155/Access/TC016_TCK5155 Site Access Info Mahon.pdf,twc file id: 4140
Site_access_docs.csv,197,C:\e_drive\.temp\twc-radix-data/sites/Mallow - TCK2032/Access/TC016_TCK2032 Site Access Info Mallow.pdf,twc file id: 4141
Site_access_docs.csv,198,C:\e_drive\.temp\twc-radix-data/sites/Mervue - TGY2033/Access/TC016_TGY2033 Site Access Info Mervue.pdf,twc file id: 4142
Site_access_docs.csv,199,C:\e_drive\.temp\twc-radix-data/sites/Minaun Heights - TMO1033/Access/TC016_TMO1033 Site Access Info Minaun Heights.pdf,twc file id: 4143
Site_access_docs.csv,200,C:\e_drive\.temp\twc-radix-data/sites/Moate - TWH6067/Access/TC016_TWH6067 Site Access Info Moate.pdf,twc file id: 4144
Site_access_docs.csv,201,C:\e_drive\.temp\twc-radix-data/sites/TMN5160/Access/TC016_TMN5160 Site Access Info Monaghan.pdf,twc file id: 4145
Site_access_docs.csv,202,C:\e_drive\.temp\twc-radix-data/sites/Mongorry Hill - TDL1034/Access/TC016_TDL1034 Site Access Info Mongorry Hill.pdf,twc file id: 4146
Site_access_docs.csv,203,C:\e_drive\.temp\twc-radix-data/sites/Mount Eagle - TKY1035/Access/TC016_TKY1035 Site Access Info Mount Eagle.pdf,twc file id: 4147
Site_access_docs.csv,204,C:\e_drive\.temp\twc-radix-data/sites/Mount Oriel - TLH1036/Access/TC016_TLH1036 Site Access Info Mount Oriel.pdf,twc file id: 4148
Site_access_docs.csv,205,C:\e_drive\.temp\twc-radix-data/sites/Moveen Hill - TCE1037/Access/TC016_TCE1037 Site Access Info Moveen Hill.pdf,twc file id: 4149
Site_access_docs.csv,206,C:\e_drive\.temp\twc-radix-data/sites/TDL5162/Access/TC016_TDL5162 Site Access Info Muff.pdf,twc file id: 4150
Site_access_docs.csv,207,C:\e_drive\.temp\twc-radix-data/sites/Mulmosog - TDL1038/Access/TC016_TDL1038 Site Access Info Mulmosog.pdf,twc file id: 4151
Site_access_docs.csv,208,C:\e_drive\.temp\twc-radix-data/sites/TKE7338/Access/TC016_TKE7338 Site Access Info Naas.pdf,twc file id: 4152
Site_access_docs.csv,209,C:\e_drive\.temp\twc-radix-data/sites/Navan - TMH6058/Access/TC016_NE Site Access Info Navan Exchange.pdf,twc file id: 4153
Site_access_docs.csv,210,C:\e_drive\.temp\twc-radix-data/sites/TMH7353/Access/TC016_TMH7353 Site Access Info Navan.pdf,twc file id: 4154
Site_access_docs.csv,211,C:\e_drive\.temp\twc-radix-data/sites/TTP5167/Access/TC016_TTP5167 Site Access Info Nenagh.pdf,Could not find file 'C:\e_drive\.temp\twc-radix-data\sites\TTP5167\Access\TC016_TTP5167 Site Access Info Nenagh.pdf'.
Site_access_docs.csv,212,C:\e_drive\.temp\twc-radix-data/sites/New Ross - TWX6069/Access/TC016_TWX6069 Site Access Info New Ross.pdf,twc file id: 4155
Site_access_docs.csv,213,C:\e_drive\.temp\twc-radix-data/sites/TKE5100/Access/TC016_TKE5100 Site Access Info Newbridge.pdf,twc file id: 4156
Site_access_docs.csv,214,C:\e_drive\.temp\twc-radix-data/sites/Newcastle West - TLK6044/Access/TC016_TLK6044 Site Access Info Newcastle West.pdf,twc file id: 4157
Site_access_docs.csv,215,C:\e_drive\.temp\twc-radix-data/sites/TLK5170/Access/TC016_TLK5170 Site Access Info Newcastle West.pdf,twc file id: 4158
Site_access_docs.csv,216,C:\e_drive\.temp\twc-radix-data/sites/TOY5177/Access/TC016_TOY5177 Site Access Info Portarlington.pdf,twc file id: 4159
Site_access_docs.csv,217,C:\e_drive\.temp\twc-radix-data/sites/TGY5179/Access/TC016_TGY5179 Site Access Info Portumna.pdf,Could not find file 'C:\e_drive\.temp\twc-radix-data\sites\TGY5179\Access\TC016_TGY5179 Site Access Info Portumna.pdf'.
Site_access_docs.csv,218,C:\e_drive\.temp\twc-radix-data/sites/Portumna - TGY6024/Access/TC016_TGY6024 Site Access Info Portumna.pdf,twc file id: 4160
Site_access_docs.csv,219,C:\e_drive\.temp\twc-radix-data/sites/TDU5180/Access/TC016_TDU5180 Site Access Info Priory Park.pdf,twc file id: 4161
Site_access_docs.csv,220,C:\e_drive\.temp\twc-radix-data/sites/TCK5181/Access/TC016_TCK5181 Site Access Info Quaker Road.pdf,twc file id: 4162
Site_access_docs.csv,221,C:\e_drive\.temp\twc-radix-data/sites/TDL5182/Access/TC016_TDL5182 Site Access Info Quigleys Point.pdf,twc file id: 4163
Site_access_docs.csv,222,C:\e_drive\.temp\twc-radix-data/sites/Rahey Cross - TCE6003/Access/TC016_TCE6003 Site Access Info Rahey Cross.pdf,twc file id: 4164
Site_access_docs.csv,223,C:\e_drive\.temp\twc-radix-data/sites/Rathcoole - TDU6016/Access/TC016_TDU6016 Site Access Info Rathcoole.pdf,twc file id: 4165
Site_access_docs.csv,224,C:\e_drive\.temp\twc-radix-data/sites/Rathedmond - TSO2034/Access/TC016_TSO2034 Site Access Info Rathedmond.pdf,twc file id: 4166
Site_access_docs.csv,225,C:\e_drive\.temp\twc-radix-data/sites/TLK7036/Access/TC016_TLK7036 Site Access Info Rathkeale.pdf,Could not find file 'C:\e_drive\.temp\twc-radix-data\sites\TLK7036\Access\TC016_TLK7036 Site Access Info Rathkeale.pdf'.
Site_access_docs.csv,226,C:\e_drive\.temp\twc-radix-data/sites/TLH7342/Access/TC016_TLH7342 Site Access Info Readypenny.pdf,twc file id: 4167
Site_access_docs.csv,227,C:\e_drive\.temp\twc-radix-data/sites/Recess - TGY6025/Access/TC016_TGY6025 Site Access Info Recess.pdf,twc file id: 4168
Site_access_docs.csv,228,C:\e_drive\.temp\twc-radix-data/sites/Roches St. - TLK3015/Access/TC016_RS Site Access Info Roches Street.pdf,twc file id: 4169
Site_access_docs.csv,229,C:\e_drive\.temp\twc-radix-data/sites/Roches St. - old tower - TLK3016/Access/TC016_RS Site Access Info Roches Street.pdf,Could not find a part of the path 'C:\e_drive\.temp\twc-radix-data\sites\Roches St. - old tower - TLK3016\Access\TC016_RS Site Access Info Roches Street.pdf'.
Site_access_docs.csv,230,C:\e_drive\.temp\twc-radix-data/sites/Rochfortbridge - TWH6068/Access/TC016_TWH6068 Site Access Info Rochfortbridge.pdf,twc file id: 4170
Site_access_docs.csv,231,C:\e_drive\.temp\twc-radix-data/sites/Roscrea - TTP6064/Access/TC016_TTP6064 Site Access Info Roscrea.pdf,twc file id: 4171
Site_access_docs.csv,232,C:\e_drive\.temp\twc-radix-data/sites/TTP5190/Access/TC016_TTP6064 SiteAccess Info Roscrea.pdf,twc file id: 4172
Site_access_docs.csv,233,C:\e_drive\.temp\twc-radix-data/sites/Roslevin - TWH2035/Access/TC016_TWH2035 Site Access Info Roslevin.pdf,twc file id: 4173
Site_access_docs.csv,234,C:\e_drive\.temp\twc-radix-data/sites/Rossmore - TCK6011/Access/TC016_TCK6011 Site Access Info Rossmore.pdf,twc file id: 4174
Site_access_docs.csv,235,C:\e_drive\.temp\twc-radix-data/sites/Rush - TDU6017/Access/TC016_TDU6017 Site Access Info Rush.pdf,twc file id: 4175
Site_access_docs.csv,236,C:\e_drive\.temp\twc-radix-data/sites/TDU5195/Access/TC016_TDU5195 Site Access Info Santry.pdf,Could not find file 'C:\e_drive\.temp\twc-radix-data\sites\TDU5195\Access\TC016_TDU5195 Site Access Info Santry.pdf'.
Site_access_docs.csv,237,C:\e_drive\.temp\twc-radix-data/sites/Scarriff - TCE6004/Access/TC016_TCE6004 Site Access Info Scarriff.pdf,twc file id: 4176
Site_access_docs.csv,238,C:\e_drive\.temp\twc-radix-data/sites/TCK5196/Access/TC016_TCK5196 Site Access Info Scartbaun.pdf,twc file id: 4177
Site_access_docs.csv,239,C:\e_drive\.temp\twc-radix-data/sites/Shanettra - TMO1039/Access/TC016_TMO1039 Site Access Info Shanettra.pdf,twc file id: 4178
Site_access_docs.csv,240,C:\e_drive\.temp\twc-radix-data/sites/Shannon Airport - TCE4008/Access/TC016_TCE4008 Site Access Info Shannon Airport.pdf,twc file id: 4179
Site_access_docs.csv,241,C:\e_drive\.temp\twc-radix-data/sites/Shelmalier 20m - TWX1047/Access/TC016_TWX1047 Site Access Info Shelmalier 20m.pdf,twc file id: 4180
Site_access_docs.csv,242,C:\e_drive\.temp\twc-radix-data/sites/Shelmalier 43m - TWX1040/Access/TC016_TWX1040 Site Access Info Shelmalier 43m.pdf,twc file id: 4181
Site_access_docs.csv,243,C:\e_drive\.temp\twc-radix-data/sites/Shinrone - TOY6060/Access/TC016_TOY6060 Site Access Info Shinrone.pdf,twc file id: 4182
Site_access_docs.csv,244,C:\e_drive\.temp\twc-radix-data/sites/Slievereagh - TLK3017/Access/TC016_TLK3017 Site Access Info Slievereagh.pdf,twc file id: 4183
Site_access_docs.csv,245,C:\e_drive\.temp\twc-radix-data/sites/TKY7041/Access/TC016_TKY7041 Site Access Info Sneem.pdf,Could not find file 'C:\e_drive\.temp\twc-radix-data\sites\TKY7041\Access\TC016_TKY7041 Site Access Info Sneem.pdf'.
Site_access_docs.csv,246,C:\e_drive\.temp\twc-radix-data/sites/TMH7042/Access/TC016_TMH7042 Site Access Info Summerhill.pdf,twc file id: 4184
Site_access_docs.csv,247,C:\e_drive\.temp\twc-radix-data/sites/TMH7345/Access/TC016_TMH7345 Site Access Info Tara.pdf,twc file id: 4185
Site_access_docs.csv,248,C:\e_drive\.temp\twc-radix-data/sites/Tawny - TDL6015/Access/TC016_TDL6015 Site Access Info Tawny.pdf,twc file id: 4186
Site_access_docs.csv,249,C:\e_drive\.temp\twc-radix-data/sites/TLK5209/Access/TC016_TLK5209 Site Access Info Templeglantine West.pdf,twc file id: 4187
Site_access_docs.csv,250,C:\e_drive\.temp\twc-radix-data/sites/TDU5211/Access/TC016_TDU5211 Site Access Info Terenure.pdf,twc file id: 4188
Site_access_docs.csv,251,C:\e_drive\.temp\twc-radix-data/sites/TLH7346/Access/TC016_TLH7346 Site Access Info Termonfeckin.pdf,twc file id: 4189
Site_access_docs.csv,252,C:\e_drive\.temp\twc-radix-data/sites/The Graves - TTP1041/Access/TC016_TTP1041 Site Access Info The Graves.pdf,twc file id: 4190
Site_access_docs.csv,253,C:\e_drive\.temp\twc-radix-data/sites/Threerock - TDU3018/Access/TC016_TDU3018 Site Access Info Threerock.pdf,twc file id: 4191
Site_access_docs.csv,254,C:\e_drive\.temp\twc-radix-data/sites/Thurles - TTP3019/Access/TC016_TH Site Access Info Thurles.pdf,twc file id: 4192
Site_access_docs.csv,255,C:\e_drive\.temp\twc-radix-data/sites/Tournafulla - TLK6045/Access/TC016_TLK6045 Site Access Info Tournafulla.pdf,twc file id: 4193
Site_access_docs.csv,256,C:\e_drive\.temp\twc-radix-data/sites/Tralee - TKY3020/Access/TC016_TR Site Access Info Tralee.pdf,twc file id: 4194
Site_access_docs.csv,257,C:\e_drive\.temp\twc-radix-data/sites/Tuam - TGY3021/Access/TC016_TU Site Access Info Tuam.pdf,twc file id: 4195
Site_access_docs.csv,258,C:\e_drive\.temp\twc-radix-data/sites/TWH5218/Access/TC016_TWH5218 Site Access Info Tyrrellspass.pdf,Could not find file 'C:\e_drive\.temp\twc-radix-data\sites\TWH5218\Access\TC016_TWH5218 Site Access Info Tyrrellspass.pdf'.
Site_access_docs.csv,259,C:\e_drive\.temp\twc-radix-data/sites/TDU5221/Access/TC016_TDU5221 Site Access Info Walkinstown.pdf,twc file id: 4196
Site_access_docs.csv,260,C:\e_drive\.temp\twc-radix-data/sites/Walsh Island - TOY2036/Access/TC016_TOY2036 Site Access Info Walsh Island.pdf,twc file id: 4197
Site_access_docs.csv,261,C:\e_drive\.temp\twc-radix-data/sites/TCK5224/Access/TC016_TCK5224 Site Access Info Watergrass Hill.pdf,twc file id: 4198
Site_access_docs.csv,262,C:\e_drive\.temp\twc-radix-data/sites/Westport Depot - TMO6051/Access/TC016_WE  Site Access Info Depot Westport.pdf,Could not find file 'C:\e_drive\.temp\twc-radix-data\sites\Westport Depot - TMO6051\Access\TC016_WE  Site Access Info Depot Westport.pdf'.
Site_access_docs.csv,263,C:\e_drive\.temp\twc-radix-data/sites/Wexford - TWX2037/Access/TC016_TWX2037 Site Access Info Wexford.pdf,twc file id: 4199
Site_access_docs.csv,264,C:\e_drive\.temp\twc-radix-data/sites/Whitechurch - TCK1042/Access/TC016_TCK1042 Site Access Info Whitechurch.pdf,twc file id: 4200
Site_access_docs.csv,265,C:\e_drive\.temp\twc-radix-data/sites/TWW5228/Access/TC016_TWW5228 Site Access Info Wicklow.pdf,twc file id: 4201
Site_access_docs.csv,266,C:\e_drive\.temp\twc-radix-data/sites/Wolfhill - TLS6039/Access/TC016_TLS6039 Site Access Info Wolfhill.pdf,twc file id: 4202
Site_access_docs.csv,267,C:\e_drive\.temp\twc-radix-data/sites/Woodlawn - TGY6027/Access/TC016_TGY6027 Site Access Info Woodlawn.pdf,twc file id: 4203
Site_access_docs.csv,268,C:\e_drive\.temp\twc-radix-data/sites/TMH5229/Access/TC016_TMH5229 Site Access Info Woodtown.pdf,twc file id: 4204
Site_license_map.csv,1,C:\e_drive\.temp\twc-radix-data/sites/Arranmore - TDL2001/Licence Maps/Arranmore - TDL2001 - TCF01 - Rev 1.0.pdf,twc file id: 4205
Site_license_map.csv,2,C:\e_drive\.temp\twc-radix-data/sites/Ballina - TMO1001/Licence Maps/Ballina - TMO1001 - TCF01 - Rev 1.0.pdf,twc file id: 4206
Site_license_map.csv,3,C:\e_drive\.temp\twc-radix-data/sites/Ballinrobe - TMO2002/Licence Maps/Ballinrobe - TMO2002 - TCF01 - Rev 1.0.pdf,twc file id: 4207
Site_license_map.csv,4,C:\e_drive\.temp\twc-radix-data/sites/Ballyguile 52m - TWW1002/Licence Maps/Ballyguile - TWW1002 - TCF01 - Rev 1.0.pdf,twc file id: 4208
Site_license_map.csv,5,C:\e_drive\.temp\twc-radix-data/sites/Ballyhoura - TLK1003/Licence Maps/Ballyhoura - TLK1003 - TCF01 - Rev 1.0.pdf,Could not find file 'C:\e_drive\.temp\twc-radix-data\sites\Ballyhoura - TLK1003\Licence Maps\Ballyhoura - TLK1003 - TCF01 - Rev 1.0.pdf'.
Site_license_map.csv,6,C:\e_drive\.temp\twc-radix-data/sites/Ballyspellan - TKK1004/Licence Maps/Ballyspellan - TKK1004 - TCF01 - Rev 1.0.pdf,twc file id: 4209
Site_license_map.csv,7,C:\e_drive\.temp\twc-radix-data/sites/Barnesmore - TDL1005/Licence Maps/Barnesmore - TDL1005 - TCF01 - Rev 1.0.pdf,twc file id: 4210
Site_license_map.csv,8,C:\e_drive\.temp\twc-radix-data/sites/Behagh - TCE2003/Licence Maps/Behagh - TCE2003 - TCF01 - Rev 1.0.pdf,twc file id: 4211
Site_license_map.csv,9,C:\e_drive\.temp\twc-radix-data/sites/Belmullet - TMO2004/Licence Maps/Belmullet - TMO2004 - TCF01 - Rev 1.0.pdf,twc file id: 4212
Site_license_map.csv,10,C:\e_drive\.temp\twc-radix-data/sites/Ben Dash - TCE1006/Licence Maps/Ben Dash - TCE1006 - TCF01 - Rev 1.0.pdf,twc file id: 4213
Site_license_map.csv,11,C:\e_drive\.temp\twc-radix-data/sites/Bralee - TSO1007/Licence Maps/Bralee - TSO1007 - TCF01 - Rev 1.0.pdf,twc file id: 4214
Site_license_map.csv,12,C:\e_drive\.temp\twc-radix-data/sites/Bunbeg - TDL2006/Licence Maps/Bunbeg - TDL2006 - TCF01 - Rev 1.0.pdf,twc file id: 4215
Site_license_map.csv,13,C:\e_drive\.temp\twc-radix-data/sites/Campile - TWX2007/Licence Maps/Campile - TWX2007 - TCF01 - Rev 1.0.pdf,Could not find file 'C:\e_drive\.temp\twc-radix-data\sites\Campile - TWX2007\Licence Maps\Campile - TWX2007 - TCF01 - Rev 1.0.pdf'.
Site_license_map.csv,14,C:\e_drive\.temp\twc-radix-data/sites/Capard 38m - TLS1010/Licence Maps/Capard - TLS1010 - TCF01 - Rev 1.0.pdf,twc file id: 4216
Site_license_map.csv,15,C:\e_drive\.temp\twc-radix-data/sites/Cappagh - TKE1009/Licence Maps/Cappagh - TKE1009 - TCF01 - Rev 1.0.pdf,twc file id: 4217
Site_license_map.csv,16,C:\e_drive\.temp\twc-radix-data/sites/Capparoe - TKY1011/Licence Maps/Capparoe - TKY1011 - TCF01 - Rev 1.0.pdf,twc file id: 4218
Site_license_map.csv,17,C:\e_drive\.temp\twc-radix-data/sites/Cappataggle 41m - TGY1046/Licence Maps/Cappataggle - TGY1046 - TCF01 - Rev 1.0.pdf,twc file id: 4219
Site_license_map.csv,18,C:\e_drive\.temp\twc-radix-data/sites/Cappataggle 47m - TGY1012/Licence Maps/Cappataggle - TGY1046 - TCF01 - Rev 1.0.pdf,A file with same name for same record already found
Site_license_map.csv,19,C:\e_drive\.temp\twc-radix-data/sites/Carran - TCE1013/Licence Maps/Carran - TCE1013 - TCF01 - Rev 1.0.pdf,twc file id: 4220
Site_license_map.csv,20,C:\e_drive\.temp\twc-radix-data/sites/Carrickmacross - TMN2008/Licence Maps/Carrickmacross - TMN2008 - TCF01 - Rev 1.0.pdf,twc file id: 4221
Site_license_map.csv,21,C:\e_drive\.temp\twc-radix-data/sites/Cashelgarren - TSO2009/Licence Maps/Cashelgarren - TSO2009 - TCF01 - Rev 1.0.pdf,twc file id: 4222
Site_license_map.csv,22,C:\e_drive\.temp\twc-radix-data/sites/Castlebar - TMO2010/Licence Maps/Castlebar - TMO2010 - TCF01 - Rev 1.0.pdf,twc file id: 4223
Site_license_map.csv,23,C:\e_drive\.temp\twc-radix-data/sites/Castletownbere - TCK2011/Licence Maps/Castletownbere - TCK2011 - TCF01 - Rev 1.0.pdf,Could not find file 'C:\e_drive\.temp\twc-radix-data\sites\Castletownbere - TCK2011\Licence Maps\Castletownbere - TCK2011 - TCF01 - Rev 1.0.pdf'.
Site_license_map.csv,24,C:\e_drive\.temp\twc-radix-data/sites/Churchfield - TCK2012/Licence Maps/Churchfield - TCK2012 - TCF01 - Rev 1.0.pdf,twc file id: 4224
Site_license_map.csv,25,C:\e_drive\.temp\twc-radix-data/sites/Clifden O'Malley - TGY1014/Licence Maps/Clifden O'Malley - TGY1014 - TCF01 - Rev 1.0.pdf,twc file id: 4225
Site_license_map.csv,26,C:\e_drive\.temp\twc-radix-data/sites/Coolmine - TDU2013/Licence Maps/Coolmine - TDU2013 - TCF01 - Rev 1.0.pdf,Could not find file 'C:\e_drive\.temp\twc-radix-data\sites\Coolmine - TDU2013\Licence Maps\Coolmine - TDU2013 - TCF01 - Rev 1.0.pdf'.
Site_license_map.csv,27,C:\e_drive\.temp\twc-radix-data/sites/Coronea - TCK1015/Licence Maps/Coronea - TCK1015 - TCF01 - Rev 1.0.pdf,twc file id: 4226
Site_license_map.csv,28,C:\e_drive\.temp\twc-radix-data/sites/Curraross - TKY1016/Licence Maps/Curraross - TKY1016 - TCF01 - Rev 1.0.pdf,Could not find file 'C:\e_drive\.temp\twc-radix-data\sites\Curraross - TKY1016\Licence Maps\Curraross - TKY1016 - TCF01 - Rev 1.0.pdf'.
Site_license_map.csv,29,C:\e_drive\.temp\twc-radix-data/sites/Derryquin - TKY1017/Licence Maps/Derryquin - TKY1017 - TCF01 - Rev 1.0.pdf,Could not find file 'C:\e_drive\.temp\twc-radix-data\sites\Derryquin - TKY1017\Licence Maps\Derryquin - TKY1017 - TCF01 - Rev 1.0.pdf'.
Site_license_map.csv,30,C:\e_drive\.temp\twc-radix-data/sites/Dingle - TKY2014/Licence Maps/Dingle - TKY2014 - TCF01 - Rev 1.0.pdf,Could not find file 'C:\e_drive\.temp\twc-radix-data\sites\Dingle - TKY2014\Licence Maps\Dingle - TKY2014 - TCF01 - Rev 1.0.pdf'.
Site_license_map.csv,31,C:\e_drive\.temp\twc-radix-data/sites/Drumgold - TWX1018/Licence Maps/Drumgold - TWX1018 - TCF01 - Rev 1.0.pdf,twc file id: 4227
Site_license_map.csv,32,C:\e_drive\.temp\twc-radix-data/sites/Dundalk Ramparts - TLH2015/Licence Maps/Dundalk Ramparts - TLH2015 - Record.pdf,twc file id: 4228
Site_license_map.csv,33,C:\e_drive\.temp\twc-radix-data/sites/Dunglow - TDL2016/Licence Maps/Dunglow Licence Map TCF.pdf,Could not find file 'C:\e_drive\.temp\twc-radix-data\sites\Dunglow - TDL2016\Licence Maps\Dunglow Licence Map TCF.pdf'.
Site_license_map.csv,34,C:\e_drive\.temp\twc-radix-data/sites/Dunmurry Hill - TKE1019/Licence Maps/Dunmurry Hill - TKE1019 - TCF01 - Rev 1.0.pdf,twc file id: 4229
Site_license_map.csv,35,C:\e_drive\.temp\twc-radix-data/sites/Elfordstown - TCK2017/Licence Maps/Elfordstown - TCK2017 - TCF01 - Rev 1.0.pdf,twc file id: 4230
Site_license_map.csv,36,C:\e_drive\.temp\twc-radix-data/sites/Enniscorthy - TWX2018/Licence Maps/Enniscorthy - TWX2018 - TCF01 - Rev 1.0.pdf,twc file id: 4231
Site_license_map.csv,37,C:\e_drive\.temp\twc-radix-data/sites/Fermoy - TCK2019/Licence Maps/Fermoy - TCK2019 - TCF01 - Rev 1.0.pdf,Could not find file 'C:\e_drive\.temp\twc-radix-data\sites\Fermoy - TCK2019\Licence Maps\Fermoy - TCK2019 - TCF01 - Rev 1.0.pdf'.
Site_license_map.csv,38,C:\e_drive\.temp\twc-radix-data/sites/Fourknocks - TMH1020/Licence Maps/Fourknocks - TMH1020 - TCF01 - Rev 1.0.pdf,twc file id: 4232
Site_license_map.csv,39,C:\e_drive\.temp\twc-radix-data/sites/Gallows Hill - TWD2020/Licence Maps/Gallows Hill - TWD2020 - TCF01 - Rev 1.0.pdf,twc file id: 4233
Site_license_map.csv,40,C:\e_drive\.temp\twc-radix-data/sites/Glengoole 48m - TTP1021/Licence Maps/Glengoole - TTP1021 - TCF01 - Rev 1.0.pdf,twc file id: 4234
Site_license_map.csv,41,C:\e_drive\.temp\twc-radix-data/sites/Glenteige - TWW3008/Licence Maps/Glenteige - TWW3008 - TCF01 - Rev 1.0.pdf,twc file id: 4235
Site_license_map.csv,42,C:\e_drive\.temp\twc-radix-data/sites/Glenties - TDL2021/Licence Maps/Glenties - TDL2021 - TCF01 - Rev 1.0.pdf,twc file id: 4236
Site_license_map.csv,43,C:\e_drive\.temp\twc-radix-data/sites/Inchee - TKY1022/Licence Maps/Inchee - TKY1022 - TCF01 - Rev 1.0.pdf,twc file id: 4237
Site_license_map.csv,44,C:\e_drive\.temp\twc-radix-data/sites/Inisheer - TGY2022/Licence Maps/Inisheer - TGY2022 - TCF01 - Rev 1.0.pdf,twc file id: 4238
Site_license_map.csv,45,C:\e_drive\.temp\twc-radix-data/sites/Inishmaan - TGY2023/Licence Maps/Inishmaan - TGY2023 - TCF01 - Rev 1.0.pdf,twc file id: 4239
Site_license_map.csv,46,C:\e_drive\.temp\twc-radix-data/sites/Kenmare - TKY2024/Licence Maps/Kenmare - TKY2024 - TCF01 - Rev 1.0.pdf,twc file id: 4240
Site_license_map.csv,47,C:\e_drive\.temp\twc-radix-data/sites/Kilbride - TMO1023/Licence Maps/Kilbride - TMO1023 - TCF01 - Rev 1.0.pdf,twc file id: 4241
Site_license_map.csv,48,C:\e_drive\.temp\twc-radix-data/sites/Kilcornan - TCE1024/Licence Maps/Kilcornan - TCE1024 - TCF01 - Rev 1.0.pdf,twc file id: 4242
Site_license_map.csv,49,C:\e_drive\.temp\twc-radix-data/sites/Kildorrery - TCK3009/Licence Maps/Kildorrery - TCK3009 - TCF01 - Rev 1.0.pdf,Could not find file 'C:\e_drive\.temp\twc-radix-data\sites\Kildorrery - TCK3009\Licence Maps\Kildorrery - TCK3009 - TCF01 - Rev 1.0.pdf'.
Site_license_map.csv,50,C:\e_drive\.temp\twc-radix-data/sites/Kilkeaveragh - TKY1025/Licence Maps/Kilkeaveragh - TKY1025 - TCF01 - Rev 1.0.pdf,twc file id: 4243
Site_license_map.csv,51,C:\e_drive\.temp\twc-radix-data/sites/Killarney - TKY2025/Licence Maps/Killarney - TKY2025 - TCF01 - Rev 1.0.pdf,Could not find file 'C:\e_drive\.temp\twc-radix-data\sites\Killarney - TKY2025\Licence Maps\Killarney - TKY2025 - TCF01 - Rev 1.0.pdf'.
Site_license_map.csv,52,C:\e_drive\.temp\twc-radix-data/sites/Kilmuckridge - TWX2026/Licence Maps/Kilmuckridge - TWX2026 - TCF01 - Rev 1.0.pdf,twc file id: 4244
Site_license_map.csv,53,C:\e_drive\.temp\twc-radix-data/sites/Kilronan - TGY2027/Licence Maps/Kilronan - TGY2027 - TCF01 - Rev 1.0.pdf,twc file id: 4245
Site_license_map.csv,54,C:\e_drive\.temp\twc-radix-data/sites/Kilrush - TCE2028/Licence Maps/Kilrush Licence Map TCF.pdf,twc file id: 4246
Site_license_map.csv,55,C:\e_drive\.temp\twc-radix-data/sites/Knockaneagh - TCK1026/Licence Maps/Knockaneagh - TCK1026 - TCF01 - Rev 1.0.pdf,Could not find file 'C:\e_drive\.temp\twc-radix-data\sites\Knockaneagh - TCK1026\Licence Maps\Knockaneagh - TCK1026 - TCF01 - Rev 1.0.pdf'.
Site_license_map.csv,56,C:\e_drive\.temp\twc-radix-data/sites/Knockanimpaha - TLK1027/Licence Maps/Knockanimpaha - TLK1027 - TCF01 - Rev 1.0.pdf,twc file id: 4247
Site_license_map.csv,57,C:\e_drive\.temp\twc-radix-data/sites/Knockanore - TKY1028/Licence Maps/Knockanore - TKY1028 - TCF01 - Rev 1.0.pdf,Could not find file 'C:\e_drive\.temp\twc-radix-data\sites\Knockanore - TKY1028\Licence Maps\Knockanore - TKY1028 - TCF01 - Rev 1.0.pdf'.
Site_license_map.csv,58,C:\e_drive\.temp\twc-radix-data/sites/Knockgour - TCK1029/Licence Maps/Knockgour - TCK1029 - TCF01 - Rev 1.0.pdf,twc file id: 4248
Site_license_map.csv,59,C:\e_drive\.temp\twc-radix-data/sites/Knockletterfore - TGY1030/Licence Maps/Knockletterfore - TGY1030 - TCF01 - Rev 1.0.pdf,twc file id: 4249
Site_license_map.csv,60,C:\e_drive\.temp\twc-radix-data/sites/Knockmay - TLS2029/Licence Maps/Knockmay - TLS2029 - TCF01 - Rev 1.0.pdf,twc file id: 4250
Site_license_map.csv,61,C:\e_drive\.temp\twc-radix-data/sites/Knocknaboul - TKY1031/Licence Maps/Knocknaboul - TKY1031 - TCF01 - Rev 1.0.pdf,twc file id: 4251
Site_license_map.csv,62,C:\e_drive\.temp\twc-radix-data/sites/TTP1032/Licence Maps/Laghtseefin - TTP1032 - TCF01 - Rev 1.0.pdf,twc file id: 4252
Site_license_map.csv,63,C:\e_drive\.temp\twc-radix-data/sites/Letterfrack - TGY2030/Licence Maps/Letterfrack - TGY2030 - TCF01 - Rev 1.0.pdf,twc file id: 4253
Site_license_map.csv,64,C:\e_drive\.temp\twc-radix-data/sites/Listowel - TKY2031/Licence Maps/Listowel - TKY2031 - TCF01 - Rev 1.0.pdf,twc file id: 4254
Site_license_map.csv,65,C:\e_drive\.temp\twc-radix-data/sites/Mallow - TCK2032/Licence Maps/Mallow - TCK2032 - TCF01 - Rev 1.0.pdf,twc file id: 4255
Site_license_map.csv,66,C:\e_drive\.temp\twc-radix-data/sites/Mervue - TGY2033/Licence Maps/Mervue - TGY2033 - TCF01 - Rev 1.0.pdf,twc file id: 4256
Site_license_map.csv,67,C:\e_drive\.temp\twc-radix-data/sites/Minaun Heights - TMO1033/Licence Maps/Minaun Heights - TMO1033 - TCF01 - Rev 1.0.pdf,twc file id: 4257
Site_license_map.csv,68,C:\e_drive\.temp\twc-radix-data/sites/Mongorry Hill - TDL1034/Licence Maps/Mongorry Hill - TDL1034 - TCF01 - Rev 1.0.pdf,twc file id: 4258
Site_license_map.csv,69,C:\e_drive\.temp\twc-radix-data/sites/Mount Eagle - TKY1035/Licence Maps/Mount Eagle - TKY1035 - TCF01 - Rev 1.0.pdf,twc file id: 4259
Site_license_map.csv,70,C:\e_drive\.temp\twc-radix-data/sites/Mount Oriel - TLH1036/Licence Maps/Mount Oriel Licence Map TCF.pdf,twc file id: 4260
Site_license_map.csv,71,C:\e_drive\.temp\twc-radix-data/sites/Moveen Hill - TCE1037/Licence Maps/Moveen Hill - TCE1037 - TCF01 - Rev 1.0.pdf,twc file id: 4261
Site_license_map.csv,72,C:\e_drive\.temp\twc-radix-data/sites/Mulmosog - TDL1038/Licence Maps/Mulmosog - TDL1038 - TCF01 - Rev 1.0.pdf,twc file id: 4262
Site_license_map.csv,73,C:\e_drive\.temp\twc-radix-data/sites/Rathedmond - TSO2034/Licence Maps/Rathedmond - TSO2034 - TCF01 - Rev 1.0.pdf,twc file id: 4263
Site_license_map.csv,74,C:\e_drive\.temp\twc-radix-data/sites/Roslevin - TWH2035/Licence Maps/Roslevin - TWH2035 - TCF01 - Rev 1.0.pdf,Could not find file 'C:\e_drive\.temp\twc-radix-data\sites\Roslevin - TWH2035\Licence Maps\Roslevin - TWH2035 - TCF01 - Rev 1.0.pdf'.
Site_license_map.csv,75,C:\e_drive\.temp\twc-radix-data/sites/Shanettra - TMO1039/Licence Maps/Shanettra - TMO1039 - TCF01 - Rev 1.0.pdf,Could not find file 'C:\e_drive\.temp\twc-radix-data\sites\Shanettra - TMO1039\Licence Maps\Shanettra - TMO1039 - TCF01 - Rev 1.0.pdf'.
Site_license_map.csv,76,C:\e_drive\.temp\twc-radix-data/sites/Shelmalier 20m - TWX1047/Licence Maps/Shelmalier - TWX1047 & TWX1040 - TCF01 - Rev 1.0,Could not find file 'C:\e_drive\.temp\twc-radix-data\sites\Shelmalier 20m - TWX1047\Licence Maps\Shelmalier - TWX1047 & TWX1040 - TCF01 - Rev 1.0'.
Site_license_map.csv,77,C:\e_drive\.temp\twc-radix-data/sites/Shelmalier 43m - TWX1040/Licence Maps/Shelmalier - TWX1047 & TWX1040 - TCF01 - Rev 1.0,Could not find file 'C:\e_drive\.temp\twc-radix-data\sites\Shelmalier 43m - TWX1040\Licence Maps\Shelmalier - TWX1047 & TWX1040 - TCF01 - Rev 1.0'.
Site_license_map.csv,78,C:\e_drive\.temp\twc-radix-data/sites/Walsh Island - TOY2036/Licence Maps/Walsh Island - TOY2036 - TCF01 - Rev 1.0.pdf,twc file id: 4264
Site_license_map.csv,79,C:\e_drive\.temp\twc-radix-data/sites/Wexford - TWX2037/Licence Maps/Wexford - TWX2037 - TCF01 - Rev 1.0.pdf,twc file id: 4265
Site_license_map.csv,80,C:\e_drive\.temp\twc-radix-data/sites/Whitechurch - TCK1042/Licence Maps/Whitechurch - TCK1042 - TCF01 - Rev 1.0.pdf,twc file id: 4266
Company_files.csv,1,C:\e_drive\.temp\twc-radix-data/companies/4\27,twc file id: 4267
Company_files.csv,2,C:\e_drive\.temp\twc-radix-data/companies/4\29,twc file id: 4268
Company_files.csv,3,C:\e_drive\.temp\twc-radix-data/companies/4\30,twc file id: 4269
Company_files.csv,4,C:\e_drive\.temp\twc-radix-data/companies/4\31,twc file id: 4270
Company_files.csv,5,C:\e_drive\.temp\twc-radix-data/companies/4\32,twc file id: 4271
Company_files.csv,6,C:\e_drive\.temp\twc-radix-data/companies/4\34,twc file id: 4272
Company_files.csv,7,C:\e_drive\.temp\twc-radix-data/companies/49\2756,twc file id: 4273
Company_files.csv,8,C:\e_drive\.temp\twc-radix-data/companies/60\64,twc file id: 4274
Company_files.csv,9,C:\e_drive\.temp\twc-radix-data/companies/60\65,twc file id: 4275
Company_files.csv,10,C:\e_drive\.temp\twc-radix-data/companies/60\66,twc file id: 4276
Company_files.csv,11,C:\e_drive\.temp\twc-radix-data/companies/60\67,twc file id: 4277
Company_files.csv,12,C:\e_drive\.temp\twc-radix-data/companies/60\68,twc file id: 4278
Company_files.csv,13,C:\e_drive\.temp\twc-radix-data/companies/60\69,twc file id: 4279
Company_files.csv,14,C:\e_drive\.temp\twc-radix-data/companies/60\70,twc file id: 4280
Company_files.csv,15,C:\e_drive\.temp\twc-radix-data/companies/60\71,twc file id: 4281
Company_files.csv,16,C:\e_drive\.temp\twc-radix-data/companies/60\72,twc file id: 4282
Company_files.csv,17,C:\e_drive\.temp\twc-radix-data/companies/60\73,twc file id: 4283
Company_files.csv,18,C:\e_drive\.temp\twc-radix-data/companies/60\74,twc file id: 4284
Company_files.csv,19,C:\e_drive\.temp\twc-radix-data/companies/60\75,twc file id: 4285
Company_files.csv,20,C:\e_drive\.temp\twc-radix-data/companies/67\76,twc file id: 4286
Company_files.csv,21,C:\e_drive\.temp\twc-radix-data/companies/67\77,twc file id: 4287 WARN: File is flagged as deleted in Radix
Company_files.csv,22,C:\e_drive\.temp\twc-radix-data/companies/67\78,twc file id: 4288 WARN: File is flagged as deleted in Radix
Company_files.csv,23,C:\e_drive\.temp\twc-radix-data/companies/67\79,twc file id: 4289 WARN: File is flagged as deleted in Radix
Company_files.csv,24,C:\e_drive\.temp\twc-radix-data/companies/4\207,twc file id: 4290
Company_files.csv,25,C:\e_drive\.temp\twc-radix-data/companies/4\202,twc file id: 4291
Company_files.csv,26,C:\e_drive\.temp\twc-radix-data/companies/116\2589,twc file id: 4292
Company_files.csv,27,C:\e_drive\.temp\twc-radix-data/companies/60\177,twc file id: 4293
Company_files.csv,28,C:\e_drive\.temp\twc-radix-data/companies/116\2581,twc file id: 4294
Company_files.csv,29,C:\e_drive\.temp\twc-radix-data/companies/35\627,twc file id: 4295
Company_files.csv,30,C:\e_drive\.temp\twc-radix-data/companies/35\626,twc file id: 4296
Company_files.csv,31,C:\e_drive\.temp\twc-radix-data/companies/35\625,twc file id: 4297
Company_files.csv,32,C:\e_drive\.temp\twc-radix-data/companies/116\2588,twc file id: 4298
Company_files.csv,33,C:\e_drive\.temp\twc-radix-data/companies/116\2590,twc file id: 4299
Company_files.csv,34,C:\e_drive\.temp\twc-radix-data/companies/116\2591,twc file id: 4300
Company_files.csv,35,C:\e_drive\.temp\twc-radix-data/companies/35\624,twc file id: 4301
Company_files.csv,36,C:\e_drive\.temp\twc-radix-data/companies/35\623,twc file id: 4302
Company_files.csv,37,C:\e_drive\.temp\twc-radix-data/companies/59\4078,twc file id: 4303
Company_files.csv,38,C:\e_drive\.temp\twc-radix-data/companies/35\628,twc file id: 4304
Company_files.csv,39,C:\e_drive\.temp\twc-radix-data/companies/35\629,twc file id: 4305
Company_files.csv,40,C:\e_drive\.temp\twc-radix-data/companies/35\630,twc file id: 4306
Company_files.csv,41,C:\e_drive\.temp\twc-radix-data/companies/35\631,twc file id: 4307
Company_files.csv,42,C:\e_drive\.temp\twc-radix-data/companies/35\632,twc file id: 4308
Company_files.csv,43,C:\e_drive\.temp\twc-radix-data/companies/35\633,twc file id: 4309
Company_files.csv,44,C:\e_drive\.temp\twc-radix-data/companies/35\634,twc file id: 4310
Company_files.csv,45,C:\e_drive\.temp\twc-radix-data/companies/35\635,twc file id: 4311
Company_files.csv,46,C:\e_drive\.temp\twc-radix-data/companies/49\2755,twc file id: 4312
Company_files.csv,47,C:\e_drive\.temp\twc-radix-data/companies/116\2587,twc file id: 4313
Company_files.csv,48,C:\e_drive\.temp\twc-radix-data/companies/49\2753,twc file id: 4314
Company_files.csv,49,C:\e_drive\.temp\twc-radix-data/companies/49\2752,twc file id: 4315
Company_files.csv,50,C:\e_drive\.temp\twc-radix-data/companies/123\882,twc file id: 4316
Company_files.csv,51,C:\e_drive\.temp\twc-radix-data/companies/123\883,twc file id: 4317
Company_files.csv,52,C:\e_drive\.temp\twc-radix-data/companies/123\881,twc file id: 4318
Company_files.csv,53,C:\e_drive\.temp\twc-radix-data/companies/20\2456,twc file id: 4319
Company_files.csv,54,C:\e_drive\.temp\twc-radix-data/companies/49\2751,twc file id: 4320
Company_files.csv,55,C:\e_drive\.temp\twc-radix-data/companies/49\2749,twc file id: 4321
Company_files.csv,56,C:\e_drive\.temp\twc-radix-data/companies/49\2750,twc file id: 4322
Company_files.csv,57,C:\e_drive\.temp\twc-radix-data/companies/49\2746,twc file id: 4323
Company_files.csv,58,C:\e_drive\.temp\twc-radix-data/companies/32\1048,twc file id: 4324
Company_files.csv,59,C:\e_drive\.temp\twc-radix-data/companies/32\1047,twc file id: 4325
Company_files.csv,60,C:\e_drive\.temp\twc-radix-data/companies/125\1046,twc file id: 4326
Company_files.csv,61,C:\e_drive\.temp\twc-radix-data/companies/125\1045,twc file id: 4327
Company_files.csv,62,C:\e_drive\.temp\twc-radix-data/companies/20\2455,twc file id: 4328
Company_files.csv,63,C:\e_drive\.temp\twc-radix-data/companies/49\2748,twc file id: 4329
Company_files.csv,64,C:\e_drive\.temp\twc-radix-data/companies/49\2747,twc file id: 4330
Company_files.csv,65,C:\e_drive\.temp\twc-radix-data/companies/43\5055,A file with same name for same record already found
Company_files.csv,66,C:\e_drive\.temp\twc-radix-data/companies/116\2586,twc file id: 4331
Company_files.csv,67,C:\e_drive\.temp\twc-radix-data/companies/116\2585,twc file id: 4332
Company_files.csv,68,C:\e_drive\.temp\twc-radix-data/companies/43\5057,A file with same name for same record already found
Company_files.csv,69,C:\e_drive\.temp\twc-radix-data/companies/43\5056,A file with same name for same record already found
Company_files.csv,70,C:\e_drive\.temp\twc-radix-data/companies/116\2584,twc file id: 4333
Company_files.csv,71,C:\e_drive\.temp\twc-radix-data/companies/116\2583,twc file id: 4334
Company_files.csv,72,C:\e_drive\.temp\twc-radix-data/companies/116\2582,twc file id: 4335
Company_files.csv,73,C:\e_drive\.temp\twc-radix-data/companies/43\5054,A file with same name for same record already found
Company_files.csv,74,C:\e_drive\.temp\twc-radix-data/companies/49\2745,twc file id: 4336
Company_files.csv,75,C:\e_drive\.temp\twc-radix-data/companies/49\2744,twc file id: 4337
Company_files.csv,76,C:\e_drive\.temp\twc-radix-data/companies/116\2592,twc file id: 4338
Company_files.csv,77,C:\e_drive\.temp\twc-radix-data/companies/29\2684,twc file id: 4339
Company_files.csv,78,C:\e_drive\.temp\twc-radix-data/companies/29\2683,twc file id: 4340
Company_files.csv,79,C:\e_drive\.temp\twc-radix-data/companies/29\2682,twc file id: 4341
Company_files.csv,80,C:\e_drive\.temp\twc-radix-data/companies/29\2681,twc file id: 4342
Company_files.csv,81,C:\e_drive\.temp\twc-radix-data/companies/29\2680,twc file id: 4343
Company_files.csv,82,C:\e_drive\.temp\twc-radix-data/companies/116\2593,twc file id: 4344
Company_files.csv,83,C:\e_drive\.temp\twc-radix-data/companies/116\2594,twc file id: 4345
Company_files.csv,84,C:\e_drive\.temp\twc-radix-data/companies/49\2742,twc file id: 4346
Company_files.csv,85,C:\e_drive\.temp\twc-radix-data/companies/49\2743,twc file id: 4347
Company_files.csv,86,C:\e_drive\.temp\twc-radix-data/companies/49\2754,twc file id: 4348
Company_files.csv,87,C:\e_drive\.temp\twc-radix-data/companies/49\2741,twc file id: 4349
Company_files.csv,88,C:\e_drive\.temp\twc-radix-data/companies/29\2679,twc file id: 4350
Company_files.csv,89,C:\e_drive\.temp\twc-radix-data/companies/29\2678,twc file id: 4351
Company_files.csv,90,C:\e_drive\.temp\twc-radix-data/companies/29\2676,twc file id: 4352
Company_files.csv,91,C:\e_drive\.temp\twc-radix-data/companies/29\2677,twc file id: 4353
Company_files.csv,92,C:\e_drive\.temp\twc-radix-data/companies/59\4077,twc file id: 4354
Company_files.csv,93,C:\e_drive\.temp\twc-radix-data/companies/42\3562,twc file id: 4355 WARN: File is flagged as deleted in Radix
Company_files.csv,94,C:\e_drive\.temp\twc-radix-data/companies/42\3561,twc file id: 4356 WARN: File is flagged as deleted in Radix
Company_files.csv,95,C:\e_drive\.temp\twc-radix-data/companies/42\3560,twc file id: 4357 WARN: File is flagged as deleted in Radix
Company_files.csv,96,C:\e_drive\.temp\twc-radix-data/companies/42\3559,twc file id: 4358 WARN: File is flagged as deleted in Radix
Company_files.csv,97,C:\e_drive\.temp\twc-radix-data/companies/59\4076,twc file id: 4359
Company_files.csv,98,C:\e_drive\.temp\twc-radix-data/companies/42\3558,twc file id: 4360 WARN: File is flagged as deleted in Radix
Company_files.csv,99,C:\e_drive\.temp\twc-radix-data/companies/42\3557,twc file id: 4361 WARN: File is flagged as deleted in Radix
Company_files.csv,100,C:\e_drive\.temp\twc-radix-data/companies/43\5053,A file with same name for same record already found
Company_files.csv,101,C:\e_drive\.temp\twc-radix-data/companies/42\3556,twc file id: 4362 WARN: File is flagged as deleted in Radix
Company_files.csv,102,C:\e_drive\.temp\twc-radix-data/companies/42\3555,twc file id: 4363 WARN: File is flagged as deleted in Radix
Company_files.csv,103,C:\e_drive\.temp\twc-radix-data/companies/142\4774,twc file id: 4364 WARN: File is flagged as deleted in Radix
Company_files.csv,104,C:\e_drive\.temp\twc-radix-data/companies/59\4075,twc file id: 4365
Company_files.csv,105,C:\e_drive\.temp\twc-radix-data/companies/59\4074,twc file id: 4366
Company_files.csv,106,C:\e_drive\.temp\twc-radix-data/companies/43\5052,A file with same name for same record already found
Company_files.csv,107,C:\e_drive\.temp\twc-radix-data/companies/43\5051,A file with same name for same record already found
Company_files.csv,108,C:\e_drive\.temp\twc-radix-data/companies/43\5050,twc file id: 4367
Company_files.csv,109,C:\e_drive\.temp\twc-radix-data/companies/59\4073,twc file id: 4368
Company_files.csv,110,C:\e_drive\.temp\twc-radix-data/companies/59\4072,twc file id: 4369
Company_files.csv,111,C:\e_drive\.temp\twc-radix-data/companies/43\5046,A file with same name for same record already found
Company_files.csv,112,C:\e_drive\.temp\twc-radix-data/companies/43\5049,twc file id: 4370
Company_files.csv,113,C:\e_drive\.temp\twc-radix-data/companies/43\5048,twc file id: 4371
Company_files.csv,114,C:\e_drive\.temp\twc-radix-data/companies/43\5047,twc file id: 4372
Company_files.csv,115,C:\e_drive\.temp\twc-radix-data/companies/43\5045,twc file id: 4373
Company_files.csv,116,C:\e_drive\.temp\twc-radix-data/companies/67\5148,twc file id: 4374 WARN: File is flagged as deleted in Radix
Company_files.csv,117,C:\e_drive\.temp\twc-radix-data/companies/56\5869,twc file id: 4375 WARN: File is flagged as deleted in Radix
Company_files.csv,118,C:\e_drive\.temp\twc-radix-data/companies/59\6027,twc file id: 4376
Company_files.csv,119,C:\e_drive\.temp\twc-radix-data/companies/116\6259,twc file id: 4377
Company_files.csv,120,C:\e_drive\.temp\twc-radix-data/companies/148\6338,twc file id: 4378
Company_files.csv,121,C:\e_drive\.temp\twc-radix-data/companies/56\6415,twc file id: 4379
Company_files.csv,122,C:\e_drive\.temp\twc-radix-data/companies/123\6740,twc file id: 4380
Company_files.csv,123,C:\e_drive\.temp\twc-radix-data/companies/142\8076,twc file id: 4381
Company_files.csv,124,C:\e_drive\.temp\twc-radix-data/companies/121\8077,twc file id: 4382
Company_files.csv,125,C:\e_drive\.temp\twc-radix-data/companies/121\8078,twc file id: 4383
Company_files.csv,126,C:\e_drive\.temp\twc-radix-data/companies/32\8719,twc file id: 4384
Company_files.csv,127,C:\e_drive\.temp\twc-radix-data/companies/117\9009,twc file id: 4385
Company_files.csv,128,C:\e_drive\.temp\twc-radix-data/companies/117\9010,twc file id: 4386
Company_files.csv,129,C:\e_drive\.temp\twc-radix-data/companies/117\9011,twc file id: 4387
Company_files.csv,130,C:\e_drive\.temp\twc-radix-data/companies/62\9018,twc file id: 4388
Company_files.csv,131,C:\e_drive\.temp\twc-radix-data/companies/62\9019,twc file id: 4389
Company_files.csv,132,C:\e_drive\.temp\twc-radix-data/companies/62\9020,twc file id: 4390
Company_files.csv,133,C:\e_drive\.temp\twc-radix-data/companies/62\9021,twc file id: 4391
Company_files.csv,134,C:\e_drive\.temp\twc-radix-data/companies/62\9022,twc file id: 4392
Company_files.csv,135,C:\e_drive\.temp\twc-radix-data/companies/62\9023,twc file id: 4393
Company_files.csv,136,C:\e_drive\.temp\twc-radix-data/companies/118\9026,twc file id: 4394
Company_files.csv,137,C:\e_drive\.temp\twc-radix-data/companies/118\9027,twc file id: 4395
Company_files.csv,138,C:\e_drive\.temp\twc-radix-data/companies/118\9028,twc file id: 4396
Company_files.csv,139,C:\e_drive\.temp\twc-radix-data/companies/158\9238,twc file id: 4397
Company_files.csv,140,C:\e_drive\.temp\twc-radix-data/companies/119\10635,twc file id: 4398
Company_files.csv,141,C:\e_drive\.temp\twc-radix-data/companies/119\10636,twc file id: 4399
Company_files.csv,142,C:\e_drive\.temp\twc-radix-data/companies/13\11331,twc file id: 4400
Company_files.csv,143,C:\e_drive\.temp\twc-radix-data/companies/13\12207,twc file id: 4401
Company_files.csv,144,C:\e_drive\.temp\twc-radix-data/companies/13\12781,twc file id: 4402
Company_files.csv,145,C:\e_drive\.temp\twc-radix-data/companies/13\12821,twc file id: 4403
Company_files.csv,146,C:\e_drive\.temp\twc-radix-data/companies/13\12923,twc file id: 4404
Company_files.csv,147,C:\e_drive\.temp\twc-radix-data/companies/163\13568,twc file id: 4405
Company_files.csv,148,C:\e_drive\.temp\twc-radix-data/companies/163\13569,twc file id: 4406 WARN: File is flagged as deleted in Radix
Company_files.csv,149,C:\e_drive\.temp\twc-radix-data/companies/163\15440,twc file id: 4407
Company_files.csv,150,C:\e_drive\.temp\twc-radix-data/companies/163\15441,twc file id: 4408
Company_files.csv,151,C:\e_drive\.temp\twc-radix-data/companies/67\16914,twc file id: 4409
Company_files.csv,152,C:\e_drive\.temp\twc-radix-data/companies/67\16915,twc file id: 4410
Company_files.csv,153,C:\e_drive\.temp\twc-radix-data/companies/67\16916,twc file id: 4411
Company_files.csv,154,C:\e_drive\.temp\twc-radix-data/companies/67\16917,twc file id: 4412
Company_files.csv,155,C:\e_drive\.temp\twc-radix-data/companies/67\16918,twc file id: 4413
Company_files.csv,156,C:\e_drive\.temp\twc-radix-data/companies/67\16919,twc file id: 4414
Company_files.csv,157,C:\e_drive\.temp\twc-radix-data/companies/67\16920,twc file id: 4415
Company_files.csv,158,C:\e_drive\.temp\twc-radix-data/companies/67\16921,twc file id: 4416
Company_files.csv,159,C:\e_drive\.temp\twc-radix-data/companies/67\17641,twc file id: 4417
Company_files.csv,160,C:\e_drive\.temp\twc-radix-data/companies/146\18087,twc file id: 4418
Company_files.csv,161,C:\e_drive\.temp\twc-radix-data/companies/159\19932,twc file id: 4419
Company_files.csv,162,C:\e_drive\.temp\twc-radix-data/companies/159\19933,twc file id: 4420
Company_files.csv,163,C:\e_drive\.temp\twc-radix-data/companies/159\19934,twc file id: 4421
Company_files.csv,164,C:\e_drive\.temp\twc-radix-data/companies/159\19935,twc file id: 4422
Company_files.csv,165,C:\e_drive\.temp\twc-radix-data/companies/159\19936,twc file id: 4423
Company_files.csv,166,C:\e_drive\.temp\twc-radix-data/companies/159\19937,twc file id: 4424
Company_files.csv,167,C:\e_drive\.temp\twc-radix-data/companies/159\19938,You have entered an invalid type argument: MISCBINARY
Company_files.csv,168,C:\e_drive\.temp\twc-radix-data/companies/159\19939,twc file id: 4425
Company_files.csv,169,C:\e_drive\.temp\twc-radix-data/companies/159\19940,twc file id: 4426
Company_files.csv,170,C:\e_drive\.temp\twc-radix-data/companies/159\19941,twc file id: 4427
Company_files.csv,171,C:\e_drive\.temp\twc-radix-data/companies/159\19942,twc file id: 4428
Company_files.csv,172,C:\e_drive\.temp\twc-radix-data/companies/159\19943,twc file id: 4429
Company_files.csv,173,C:\e_drive\.temp\twc-radix-data/companies/159\19944,twc file id: 4430
Company_files.csv,174,C:\e_drive\.temp\twc-radix-data/companies/159\19945,twc file id: 4431
Company_files.csv,175,C:\e_drive\.temp\twc-radix-data/companies/159\19946,twc file id: 4432
Company_files.csv,176,C:\e_drive\.temp\twc-radix-data/companies/159\19947,twc file id: 4433
Company_files.csv,177,C:\e_drive\.temp\twc-radix-data/companies/159\19948,twc file id: 4434
Company_files.csv,178,C:\e_drive\.temp\twc-radix-data/companies/159\19949,twc file id: 4435
Company_files.csv,179,C:\e_drive\.temp\twc-radix-data/companies/159\19950,twc file id: 4436
Company_files.csv,180,C:\e_drive\.temp\twc-radix-data/companies/163\23087,twc file id: 4437
Company_files.csv,181,C:\e_drive\.temp\twc-radix-data/companies/163\23088,twc file id: 4438
Company_files.csv,182,C:\e_drive\.temp\twc-radix-data/companies/167\24869,twc file id: 4439
Company_files.csv,183,C:\e_drive\.temp\twc-radix-data/companies/167\24870,twc file id: 4440
Company_files.csv,184,C:\e_drive\.temp\twc-radix-data/companies/167\24871,twc file id: 4441
Company_files.csv,185,C:\e_drive\.temp\twc-radix-data/companies/167\24872,twc file id: 4442
Company_files.csv,186,C:\e_drive\.temp\twc-radix-data/companies/167\24873,twc file id: 4443
Company_files.csv,187,C:\e_drive\.temp\twc-radix-data/companies/62\26272,twc file id: 4444
Company_files.csv,188,C:\e_drive\.temp\twc-radix-data/companies/62\26273,twc file id: 4445
Company_files.csv,189,C:\e_drive\.temp\twc-radix-data/companies/116\27023,twc file id: 4446
Company_files.csv,190,C:\e_drive\.temp\twc-radix-data/companies/116\27024,twc file id: 4447
Company_files.csv,191,C:\e_drive\.temp\twc-radix-data/companies/68\27185,twc file id: 4448
Company_files.csv,192,C:\e_drive\.temp\twc-radix-data/companies/60\27234,twc file id: 4449
Company_files.csv,193,C:\e_drive\.temp\twc-radix-data/companies/166\27253,twc file id: 4450
Company_files.csv,194,C:\e_drive\.temp\twc-radix-data/companies/166\27254,twc file id: 4451
Company_files.csv,195,C:\e_drive\.temp\twc-radix-data/companies/60\27284,twc file id: 4452
Company_files.csv,196,C:\e_drive\.temp\twc-radix-data/companies/60\27285,twc file id: 4453
Company_files.csv,197,C:\e_drive\.temp\twc-radix-data/companies/118\27830,twc file id: 4454
Company_files.csv,198,C:\e_drive\.temp\twc-radix-data/companies/118\27831,twc file id: 4455
Company_files.csv,199,C:\e_drive\.temp\twc-radix-data/companies/166\28582,No Radif File record found for ID: 28582
Company_files.csv,200,C:\e_drive\.temp\twc-radix-data/companies/166\28583,No Radif File record found for ID: 28583
Company_files.csv,201,C:\e_drive\.temp\twc-radix-data/companies/49\28611,No Radif File record found for ID: 28611
Company_files.csv,202,C:\e_drive\.temp\twc-radix-data/companies/49\28612,No Radif File record found for ID: 28612
Company_files.csv,203,C:\e_drive\.temp\twc-radix-data/companies/67\28638,No Radif File record found for ID: 28638
Company_files.csv,204,C:\e_drive\.temp\twc-radix-data/companies/67\28639,No Radif File record found for ID: 28639
Company_files.csv,205,C:\e_drive\.temp\twc-radix-data/companies/67\28640,No Radif File record found for ID: 28640
Company_files.csv,206,C:\e_drive\.temp\twc-radix-data/companies/67\28641,No Radif File record found for ID: 28641
Company_files.csv,207,C:\e_drive\.temp\twc-radix-data/companies/67\28642,No Radif File record found for ID: 28642
Company_files.csv,208,C:\e_drive\.temp\twc-radix-data/companies/67\28643,No Radif File record found for ID: 28643
Company_files.csv,209,C:\e_drive\.temp\twc-radix-data/companies/67\28644,No Radif File record found for ID: 28644
Company_files.csv,210,C:\e_drive\.temp\twc-radix-data/companies/67\28645,No Radif File record found for ID: 28645
Company_files.csv,211,C:\e_drive\.temp\twc-radix-data/companies/62\29031,No Radif File record found for ID: 29031
Company_files.csv,212,C:\e_drive\.temp\twc-radix-data/companies/62\29032,No Radif File record found for ID: 29032
Company_files.csv,213,C:\e_drive\.temp\twc-radix-data/companies/167\29034,No Radif File record found for ID: 29034
Company_files.csv,214,C:\e_drive\.temp\twc-radix-data/companies/117\29346,No Radif File record found for ID: 29346
Company_files.csv,215,C:\e_drive\.temp\twc-radix-data/companies/117\29347,No Radif File record found for ID: 29347
Profile_files.csv,1,C:\e_drive\.temp\twc-radix-data/profiles/3952\20955,Profile [Radix: 3952 / NS: 3823] found but no company assigned to it
Profile_files.csv,2,C:\e_drive\.temp\twc-radix-data/profiles/3846\20963,Profile [Radix: 3846 / NS: 3719] found but no company assigned to it
Profile_files.csv,3,C:\e_drive\.temp\twc-radix-data/profiles/3115\21274,Profile [Radix: 3115 / NS: 2978] found but no company assigned to it
Profile_files.csv,4,C:\e_drive\.temp\twc-radix-data/profiles/3984\21333,Profile [Radix: 3984 / NS: 3852] found but no company assigned to it
Profile_files.csv,5,C:\e_drive\.temp\twc-radix-data/profiles/626\21684,Profile [Radix: 626 / NS: 632] found but no company assigned to it
Profile_files.csv,6,C:\e_drive\.temp\twc-radix-data/profiles/157\21778,Profile [Radix: 157 / NS: 160] found but no company assigned to it
Profile_files.csv,7,C:\e_drive\.temp\twc-radix-data/profiles/3483\21986,Profile [Radix: 3483 / NS: 3349] found but no company assigned to it
Profile_files.csv,8,C:\e_drive\.temp\twc-radix-data/profiles/4056\22050,Profile [Radix: 4056 / NS: 3921] found but no company assigned to it
Profile_files.csv,9,C:\e_drive\.temp\twc-radix-data/profiles/2394\22158,Profile [Radix: 2394 / NS: 1922] found but no company assigned to it
Profile_files.csv,10,C:\e_drive\.temp\twc-radix-data/profiles/3480\22227,Profile [Radix: 3480 / NS: 3344] found but no company assigned to it
Profile_files.csv,11,C:\e_drive\.temp\twc-radix-data/profiles/804\22368,Profile [Radix: 804 / NS: 810] found but no company assigned to it
Profile_files.csv,12,C:\e_drive\.temp\twc-radix-data/profiles/2087\22369,Profile [Radix: 2087 / NS: 2011] found but no company assigned to it
Profile_files.csv,13,C:\e_drive\.temp\twc-radix-data/profiles/4084\22378,twc file id: 4456
Profile_files.csv,14,C:\e_drive\.temp\twc-radix-data/profiles/3234\22424,twc file id: 4457
Profile_files.csv,15,C:\e_drive\.temp\twc-radix-data/profiles/3484\22432,Profile [Radix: 3484 / NS: 3350] found but no company assigned to it
Profile_files.csv,16,C:\e_drive\.temp\twc-radix-data/profiles/4090\22446,Profile [Radix: 4090 / NS: 3951] found but no company assigned to it
Profile_files.csv,17,C:\e_drive\.temp\twc-radix-data/profiles/4092\22491,Profile [Radix: 4092 / NS: 3955] found but no company assigned to it
Profile_files.csv,18,C:\e_drive\.temp\twc-radix-data/profiles/3531\22511,Profile [Radix: 3531 / NS: 3401] found but no company assigned to it
Profile_files.csv,19,C:\e_drive\.temp\twc-radix-data/profiles/3530\22514,Profile [Radix: 3530 / NS: 3400] found but no company assigned to it
Profile_files.csv,20,C:\e_drive\.temp\twc-radix-data/profiles/3483\22516,Profile [Radix: 3483 / NS: 3349] found but no company assigned to it
Profile_files.csv,21,C:\e_drive\.temp\twc-radix-data/profiles/3484\22517,Profile [Radix: 3484 / NS: 3350] found but no company assigned to it
Profile_files.csv,22,C:\e_drive\.temp\twc-radix-data/profiles/4094\22521,Profile [Radix: 4094 / NS: 3957] found but no company assigned to it
Profile_files.csv,23,C:\e_drive\.temp\twc-radix-data/profiles/4094\22522,Profile [Radix: 4094 / NS: 3957] found but no company assigned to it
Profile_files.csv,24,C:\e_drive\.temp\twc-radix-data/profiles/2575\22551,Profile [Radix: 2575 / NS: 2464] found but no company assigned to it
Profile_files.csv,25,C:\e_drive\.temp\twc-radix-data/profiles/2538\22672,Profile [Radix: 2538 / NS: 2430] found but no company assigned to it
Profile_files.csv,26,C:\e_drive\.temp\twc-radix-data/profiles/2538\22675,Profile [Radix: 2538 / NS: 2430] found but no company assigned to it
Profile_files.csv,27,C:\e_drive\.temp\twc-radix-data/profiles/641\22694,Profile [Radix: 641 / NS: 647] found but no company assigned to it
Profile_files.csv,28,C:\e_drive\.temp\twc-radix-data/profiles/641\22695,Profile [Radix: 641 / NS: 647] found but no company assigned to it
Profile_files.csv,29,C:\e_drive\.temp\twc-radix-data/profiles/2542\22702,Profile [Radix: 2542 / NS: 2433] found but no company assigned to it
Profile_files.csv,30,C:\e_drive\.temp\twc-radix-data/profiles/3571\22720,Profile [Radix: 3571 / NS: 3443] found but no company assigned to it
Profile_files.csv,31,C:\e_drive\.temp\twc-radix-data/profiles/3552\22818,Profile [Radix: 3552 / NS: 3423] found but no company assigned to it
Profile_files.csv,32,C:\e_drive\.temp\twc-radix-data/profiles/3841\22971,Profile [Radix: 3841 / NS: 3713] found but no company assigned to it
Profile_files.csv,33,C:\e_drive\.temp\twc-radix-data/profiles/3853\23042,Profile [Radix: 3853 / NS: 3727] found but no company assigned to it
Profile_files.csv,34,C:\e_drive\.temp\twc-radix-data/profiles/3854\23044,Profile [Radix: 3854 / NS: 3728] found but no company assigned to it
Profile_files.csv,35,C:\e_drive\.temp\twc-radix-data/profiles/3586\23077,Profile [Radix: 3586 / NS: 3459] found but no company assigned to it
Profile_files.csv,36,C:\e_drive\.temp\twc-radix-data/profiles/3480\23081,Profile [Radix: 3480 / NS: 3344] found but no company assigned to it
Profile_files.csv,37,C:\e_drive\.temp\twc-radix-data/profiles/3551\23129,Profile [Radix: 3551 / NS: 3422] found but no company assigned to it
Profile_files.csv,38,C:\e_drive\.temp\twc-radix-data/profiles/3552\23159,Profile [Radix: 3552 / NS: 3423] found but no company assigned to it
Profile_files.csv,39,C:\e_drive\.temp\twc-radix-data/profiles/3308\23193,Profile [Radix: 3308 / NS: 3164] found but no company assigned to it
Profile_files.csv,40,C:\e_drive\.temp\twc-radix-data/profiles/3345\23205,Profile [Radix: 3345 / NS: 3201] found but no company assigned to it
Profile_files.csv,41,C:\e_drive\.temp\twc-radix-data/profiles/3677\23221,Profile [Radix: 3677 / NS: 3548] found but no company assigned to it
Profile_files.csv,42,C:\e_drive\.temp\twc-radix-data/profiles/3052\23227,Profile [Radix: 3052 / NS: 2917] found but no company assigned to it
Profile_files.csv,43,C:\e_drive\.temp\twc-radix-data/profiles/3467\23273,Profile [Radix: 3467 / NS: 3329] found but no company assigned to it
Profile_files.csv,44,C:\e_drive\.temp\twc-radix-data/profiles/1443\23289,Profile [Radix: 1443 / NS: 1399] found but no company assigned to it
Profile_files.csv,45,C:\e_drive\.temp\twc-radix-data/profiles/26\23304,Profile [Radix: 26 / NS: 26] found but no company assigned to it
Profile_files.csv,46,C:\e_drive\.temp\twc-radix-data/profiles/26\23305,Profile [Radix: 26 / NS: 26] found but no company assigned to it
Profile_files.csv,47,C:\e_drive\.temp\twc-radix-data/profiles/3294\23312,Profile [Radix: 3294 / NS: 3150] found but no company assigned to it
Profile_files.csv,48,C:\e_drive\.temp\twc-radix-data/profiles/4033\23379,Profile [Radix: 4033 / NS: 3902] found but no company assigned to it
Profile_files.csv,49,C:\e_drive\.temp\twc-radix-data/profiles/720\23418,Profile [Radix: 720 / NS: 726] found but no company assigned to it
Profile_files.csv,50,C:\e_drive\.temp\twc-radix-data/profiles/3839\23442,Profile [Radix: 3839 / NS: 3711] found but no company assigned to it
Profile_files.csv,51,C:\e_drive\.temp\twc-radix-data/profiles/4015\23443,Profile [Radix: 4015 / NS: 3883] found but no company assigned to it
Profile_files.csv,52,C:\e_drive\.temp\twc-radix-data/profiles/4033\23444,Profile [Radix: 4033 / NS: 3902] found but no company assigned to it
Profile_files.csv,53,C:\e_drive\.temp\twc-radix-data/profiles/1546\23450,Profile [Radix: 1546 / NS: 1492] found but no company assigned to it
Profile_files.csv,54,C:\e_drive\.temp\twc-radix-data/profiles/152\23452,Profile [Radix: 152 / NS: 155] found but no company assigned to it
Profile_files.csv,55,C:\e_drive\.temp\twc-radix-data/profiles/3596\23453,Profile [Radix: 3596 / NS: 3469] found but no company assigned to it
Profile_files.csv,56,C:\e_drive\.temp\twc-radix-data/profiles/704\23454,Profile [Radix: 704 / NS: 710] found but no company assigned to it
Profile_files.csv,57,C:\e_drive\.temp\twc-radix-data/profiles/3854\23455,Profile [Radix: 3854 / NS: 3728] found but no company assigned to it
Profile_files.csv,58,C:\e_drive\.temp\twc-radix-data/profiles/3578\23469,Profile [Radix: 3578 / NS: 3451] found but no company assigned to it
Profile_files.csv,59,C:\e_drive\.temp\twc-radix-data/profiles/2394\23488,Profile [Radix: 2394 / NS: 1922] found but no company assigned to it
Profile_files.csv,60,C:\e_drive\.temp\twc-radix-data/profiles/3546\23528,Profile [Radix: 3546 / NS: 3417] found but no company assigned to it
Profile_files.csv,61,C:\e_drive\.temp\twc-radix-data/profiles/4070\23537,Profile [Radix: 4070 / NS: 2085] found but no company assigned to it
Profile_files.csv,62,C:\e_drive\.temp\twc-radix-data/profiles/4070\23538,Profile [Radix: 4070 / NS: 2085] found but no company assigned to it
Profile_files.csv,63,C:\e_drive\.temp\twc-radix-data/profiles/3560\23539,Profile [Radix: 3560 / NS: 3431] found but no company assigned to it
Profile_files.csv,64,C:\e_drive\.temp\twc-radix-data/profiles/2396\23540,Profile [Radix: 2396 / NS: 2299] found but no company assigned to it
Profile_files.csv,65,C:\e_drive\.temp\twc-radix-data/profiles/2409\23541,Profile [Radix: 2409 / NS: 2312] found but no company assigned to it
Profile_files.csv,66,C:\e_drive\.temp\twc-radix-data/profiles/2397\23542,Profile [Radix: 2397 / NS: 2300] found but no company assigned to it
Profile_files.csv,67,C:\e_drive\.temp\twc-radix-data/profiles/1865\23578,Profile [Radix: 1865 / NS: 1799] found but no company assigned to it
Profile_files.csv,68,C:\e_drive\.temp\twc-radix-data/profiles/3597\23606,Profile [Radix: 3597 / NS: 3470] found but no company assigned to it
Profile_files.csv,69,C:\e_drive\.temp\twc-radix-data/profiles/1536\23612,Profile [Radix: 1536 / NS: 1320] found but no company assigned to it
Profile_files.csv,70,C:\e_drive\.temp\twc-radix-data/profiles/4057\23659,Profile [Radix: 4057 / NS: 3923] found but no company assigned to it
Profile_files.csv,71,C:\e_drive\.temp\twc-radix-data/profiles/4058\23660,Profile [Radix: 4058 / NS: 3924] found but no company assigned to it
Profile_files.csv,72,C:\e_drive\.temp\twc-radix-data/profiles/4145\23674,Profile [Radix: 4145 / NS: 4007] found but no company assigned to it
Profile_files.csv,73,C:\e_drive\.temp\twc-radix-data/profiles/3586\23686,Profile [Radix: 3586 / NS: 3459] found but no company assigned to it
Profile_files.csv,74,C:\e_drive\.temp\twc-radix-data/profiles/3597\23690,Profile [Radix: 3597 / NS: 3470] found but no company assigned to it
Profile_files.csv,75,C:\e_drive\.temp\twc-radix-data/profiles/3841\23739,Profile [Radix: 3841 / NS: 3713] found but no company assigned to it
Profile_files.csv,76,C:\e_drive\.temp\twc-radix-data/profiles/3514\23756,Profile [Radix: 3514 / NS: 3384] found but no company assigned to it
Profile_files.csv,77,C:\e_drive\.temp\twc-radix-data/profiles/3236\23773,Profile [Radix: 3236 / NS: 3094] found but no company assigned to it
Profile_files.csv,78,C:\e_drive\.temp\twc-radix-data/profiles/4159\23775,twc file id: 4458
Profile_files.csv,79,C:\e_drive\.temp\twc-radix-data/profiles/4165\23792,Profile [Radix: 4165 / NS: 4024] found but no company assigned to it
Profile_files.csv,80,C:\e_drive\.temp\twc-radix-data/profiles/3568\23796,Profile [Radix: 3568 / NS: 3440] found but no company assigned to it
Profile_files.csv,81,C:\e_drive\.temp\twc-radix-data/profiles/3568\23837,Profile [Radix: 3568 / NS: 3440] found but no company assigned to it
Profile_files.csv,82,C:\e_drive\.temp\twc-radix-data/profiles/3596\23867,Profile [Radix: 3596 / NS: 3469] found but no company assigned to it
Profile_files.csv,83,C:\e_drive\.temp\twc-radix-data/profiles/3895\23874,Profile [Radix: 3895 / NS: 3766] found but no company assigned to it
Profile_files.csv,84,C:\e_drive\.temp\twc-radix-data/profiles/4171\24026,Profile [Radix: 4171 / NS: 4030] found but no company assigned to it
Profile_files.csv,85,C:\e_drive\.temp\twc-radix-data/profiles/4171\24027,Profile [Radix: 4171 / NS: 4030] found but no company assigned to it
Profile_files.csv,86,C:\e_drive\.temp\twc-radix-data/profiles/3703\24039,Profile [Radix: 3703 / NS: 3580] found but no company assigned to it
Profile_files.csv,87,C:\e_drive\.temp\twc-radix-data/profiles/4064\24066,Profile [Radix: 4064 / NS: 3933] found but no company assigned to it
Profile_files.csv,88,C:\e_drive\.temp\twc-radix-data/profiles/3002\24136,Profile [Radix: 3002 / NS: 2866] found but no company assigned to it
Profile_files.csv,89,C:\e_drive\.temp\twc-radix-data/profiles/3519\24138,Profile [Radix: 3519 / NS: 3389] found but no company assigned to it
Profile_files.csv,90,C:\e_drive\.temp\twc-radix-data/profiles/3070\24139,Profile [Radix: 3070 / NS: 2936] found but no company assigned to it
Profile_files.csv,91,C:\e_drive\.temp\twc-radix-data/profiles/3519\24140,Profile [Radix: 3519 / NS: 3389] found but no company assigned to it
Profile_files.csv,92,C:\e_drive\.temp\twc-radix-data/profiles/239\24156,Profile [Radix: 239 / NS: 244] found but no company assigned to it
Profile_files.csv,93,C:\e_drive\.temp\twc-radix-data/profiles/3122\24157,Profile [Radix: 3122 / NS: 2984] found but no company assigned to it
Profile_files.csv,94,C:\e_drive\.temp\twc-radix-data/profiles/88\24158,Profile [Radix: 88 / NS: 88] found but no company assigned to it
Profile_files.csv,95,C:\e_drive\.temp\twc-radix-data/profiles/4071\24179,Profile [Radix: 4071 / NS: 3308] found but no company assigned to it
Profile_files.csv,96,C:\e_drive\.temp\twc-radix-data/profiles/3664\24212,Profile [Radix: 3664 / NS: 3534] found but no company assigned to it
Profile_files.csv,97,C:\e_drive\.temp\twc-radix-data/profiles/160\24235,Profile [Radix: 160 / NS: 163] found but no company assigned to it
Profile_files.csv,98,C:\e_drive\.temp\twc-radix-data/profiles/2289\24236,Profile [Radix: 2289 / NS: 2173] found but no company assigned to it
Profile_files.csv,99,C:\e_drive\.temp\twc-radix-data/profiles/915\24237,Profile [Radix: 915 / NS: 917] found but no company assigned to it
Profile_files.csv,100,C:\e_drive\.temp\twc-radix-data/profiles/4183\24250,Profile [Radix: 4183 / NS: 4042] found but no company assigned to it
Profile_files.csv,101,C:\e_drive\.temp\twc-radix-data/profiles/4183\24251,Profile [Radix: 4183 / NS: 4042] found but no company assigned to it
Profile_files.csv,102,C:\e_drive\.temp\twc-radix-data/profiles/3696\24280,Profile [Radix: 3696 / NS: 3575] found but no company assigned to it
Profile_files.csv,103,C:\e_drive\.temp\twc-radix-data/profiles/4165\24293,Profile [Radix: 4165 / NS: 4024] found but no company assigned to it
Profile_files.csv,104,C:\e_drive\.temp\twc-radix-data/profiles/246\24306,twc file id: 4459
Profile_files.csv,105,C:\e_drive\.temp\twc-radix-data/profiles/244\24307,Profile [Radix: 244 / NS: 249] found but no company assigned to it
Profile_files.csv,106,C:\e_drive\.temp\twc-radix-data/profiles/3208\24314,Profile [Radix: 3208 / NS: 3068] found but no company assigned to it
Profile_files.csv,107,C:\e_drive\.temp\twc-radix-data/profiles/4186\24374,Profile [Radix: 4186 / NS: 4045] found but no company assigned to it
Profile_files.csv,108,C:\e_drive\.temp\twc-radix-data/profiles/4160\24377,Profile [Radix: 4160 / NS: 4021] found but no company assigned to it
Profile_files.csv,109,C:\e_drive\.temp\twc-radix-data/profiles/4160\24378,Profile [Radix: 4160 / NS: 4021] found but no company assigned to it
Profile_files.csv,110,C:\e_drive\.temp\twc-radix-data/profiles/642\24416,Profile [Radix: 642 / NS: 648] found but no company assigned to it
Profile_files.csv,111,C:\e_drive\.temp\twc-radix-data/profiles/643\24419,Profile [Radix: 643 / NS: 649] found but no company assigned to it
Profile_files.csv,112,C:\e_drive\.temp\twc-radix-data/profiles/643\24420,Profile [Radix: 643 / NS: 649] found but no company assigned to it
Profile_files.csv,113,C:\e_drive\.temp\twc-radix-data/profiles/4142\24422,Profile [Radix: 4142 / NS: 4006] found but no company assigned to it
Profile_files.csv,114,C:\e_drive\.temp\twc-radix-data/profiles/2542\24428,Profile [Radix: 2542 / NS: 2433] found but no company assigned to it
Profile_files.csv,115,C:\e_drive\.temp\twc-radix-data/profiles/4188\24434,Profile [Radix: 4188 / NS: 4046] found but no company assigned to it
Profile_files.csv,116,C:\e_drive\.temp\twc-radix-data/profiles/4188\24436,Profile [Radix: 4188 / NS: 4046] found but no company assigned to it
Profile_files.csv,117,C:\e_drive\.temp\twc-radix-data/profiles/4188\24437,Profile [Radix: 4188 / NS: 4046] found but no company assigned to it
Profile_files.csv,118,C:\e_drive\.temp\twc-radix-data/profiles/3017\24466,Profile [Radix: 3017 / NS: 2881] found but no company assigned to it
Profile_files.csv,119,C:\e_drive\.temp\twc-radix-data/profiles/4189\24497,Profile [Radix: 4189 / NS: 4047] found but no company assigned to it
Profile_files.csv,120,C:\e_drive\.temp\twc-radix-data/profiles/3703\24547,Profile [Radix: 3703 / NS: 3580] found but no company assigned to it
Profile_files.csv,121,C:\e_drive\.temp\twc-radix-data/profiles/774\24549,Profile [Radix: 774 / NS: 780] found but no company assigned to it
Profile_files.csv,122,C:\e_drive\.temp\twc-radix-data/profiles/1548\24550,Profile [Radix: 1548 / NS: 1494] found but no company assigned to it
Profile_files.csv,123,C:\e_drive\.temp\twc-radix-data/profiles/2941\24552,Profile [Radix: 2941 / NS: 2807] found but no company assigned to it
Profile_files.csv,124,C:\e_drive\.temp\twc-radix-data/profiles/4192\24563,Profile [Radix: 4192 / NS: 4051] found but no company assigned to it
Profile_files.csv,125,C:\e_drive\.temp\twc-radix-data/profiles/4192\24564,Profile [Radix: 4192 / NS: 4051] found but no company assigned to it
Profile_files.csv,126,C:\e_drive\.temp\twc-radix-data/profiles/4193\24569,Profile [Radix: 4193 / NS: 4052] found but no company assigned to it
Profile_files.csv,127,C:\e_drive\.temp\twc-radix-data/profiles/4193\24570,Profile [Radix: 4193 / NS: 4052] found but no company assigned to it
Profile_files.csv,128,C:\e_drive\.temp\twc-radix-data/profiles/4137\24579,Profile [Radix: 4137 / NS: 3999] found but no company assigned to it
Profile_files.csv,129,C:\e_drive\.temp\twc-radix-data/profiles/3053\24581,Profile [Radix: 3053 / NS: 2918] found but no company assigned to it
Profile_files.csv,130,C:\e_drive\.temp\twc-radix-data/profiles/3345\24584,Profile [Radix: 3345 / NS: 3201] found but no company assigned to it
Profile_files.csv,131,C:\e_drive\.temp\twc-radix-data/profiles/4194\24588,Profile [Radix: 4194 / NS: 4053] found but no company assigned to it
Profile_files.csv,132,C:\e_drive\.temp\twc-radix-data/profiles/4195\24591,Profile [Radix: 4195 / NS: 4054] found but no company assigned to it
Profile_files.csv,133,C:\e_drive\.temp\twc-radix-data/profiles/813\24605,Profile [Radix: 813 / NS: 819] found but no company assigned to it
Profile_files.csv,134,C:\e_drive\.temp\twc-radix-data/profiles/2788\24762,Profile [Radix: 2788 / NS: 2662] found but no company assigned to it
Profile_files.csv,135,C:\e_drive\.temp\twc-radix-data/profiles/580\24763,Profile [Radix: 580 / NS: 586] found but no company assigned to it
Profile_files.csv,136,C:\e_drive\.temp\twc-radix-data/profiles/2908\24764,Profile [Radix: 2908 / NS: 2774] found but no company assigned to it
Profile_files.csv,137,C:\e_drive\.temp\twc-radix-data/profiles/4195\24781,Profile [Radix: 4195 / NS: 4054] found but no company assigned to it
Profile_files.csv,138,C:\e_drive\.temp\twc-radix-data/profiles/4198\24820,Profile [Radix: 4198 / NS: 3953] found but no company assigned to it
Profile_files.csv,139,C:\e_drive\.temp\twc-radix-data/profiles/4198\24821,Profile [Radix: 4198 / NS: 3953] found but no company assigned to it
Profile_files.csv,140,C:\e_drive\.temp\twc-radix-data/profiles/4058\24897,Profile [Radix: 4058 / NS: 3924] found but no company assigned to it
Profile_files.csv,141,C:\e_drive\.temp\twc-radix-data/profiles/3877\24942,Profile [Radix: 3877 / NS: 3750] found but no company assigned to it
Profile_files.csv,142,C:\e_drive\.temp\twc-radix-data/profiles/4208\24952,Profile [Radix: 4208 / NS: 4065] found but no company assigned to it
Profile_files.csv,143,C:\e_drive\.temp\twc-radix-data/profiles/4210\24959,Profile [Radix: 4210 / NS: 4067] found but no company assigned to it
Profile_files.csv,144,C:\e_drive\.temp\twc-radix-data/profiles/3002\24975,Profile [Radix: 3002 / NS: 2866] found but no company assigned to it
Profile_files.csv,145,C:\e_drive\.temp\twc-radix-data/profiles/4067\24977,Profile [Radix: 4067 / NS: 3935] found but no company assigned to it
Profile_files.csv,146,C:\e_drive\.temp\twc-radix-data/profiles/3895\24978,Profile [Radix: 3895 / NS: 3766] found but no company assigned to it
Profile_files.csv,147,C:\e_drive\.temp\twc-radix-data/profiles/1873\24980,Profile [Radix: 1873 / NS: 1807] found but no company assigned to it
Profile_files.csv,148,C:\e_drive\.temp\twc-radix-data/profiles/3677\25019,Profile [Radix: 3677 / NS: 3548] found but no company assigned to it
Profile_files.csv,149,C:\e_drive\.temp\twc-radix-data/profiles/3070\25022,Profile [Radix: 3070 / NS: 2936] found but no company assigned to it
Profile_files.csv,150,C:\e_drive\.temp\twc-radix-data/profiles/1716\25023,Profile [Radix: 1716 / NS: 1652] found but no company assigned to it
Profile_files.csv,151,C:\e_drive\.temp\twc-radix-data/profiles/3308\25072,Profile [Radix: 3308 / NS: 3164] found but no company assigned to it
Profile_files.csv,152,C:\e_drive\.temp\twc-radix-data/profiles/2397\25086,Profile [Radix: 2397 / NS: 2300] found but no company assigned to it
Profile_files.csv,153,C:\e_drive\.temp\twc-radix-data/profiles/2497\25139,Profile [Radix: 2497 / NS: 2391] found but no company assigned to it
Profile_files.csv,154,C:\e_drive\.temp\twc-radix-data/profiles/2289\25140,Profile [Radix: 2289 / NS: 2173] found but no company assigned to it
Profile_files.csv,155,C:\e_drive\.temp\twc-radix-data/profiles/3406\25144,twc file id: 4460
Profile_files.csv,156,C:\e_drive\.temp\twc-radix-data/profiles/2497\25156,Profile [Radix: 2497 / NS: 2391] found but no company assigned to it
Profile_files.csv,157,C:\e_drive\.temp\twc-radix-data/profiles/3551\25157,Profile [Radix: 3551 / NS: 3422] found but no company assigned to it
Profile_files.csv,158,C:\e_drive\.temp\twc-radix-data/profiles/2283\25186,Profile [Radix: 2283 / NS: 2201] found but no company assigned to it
Profile_files.csv,159,C:\e_drive\.temp\twc-radix-data/profiles/4131\25208,Profile [Radix: 4131 / NS: 3993] found but no company assigned to it
Profile_files.csv,160,C:\e_drive\.temp\twc-radix-data/profiles/3497\25264,Profile [Radix: 3497 / NS: 3364] found but no company assigned to it
Profile_files.csv,161,C:\e_drive\.temp\twc-radix-data/profiles/3876\25265,Profile [Radix: 3876 / NS: 3749] found but no company assigned to it
Profile_files.csv,162,C:\e_drive\.temp\twc-radix-data/profiles/3880\25266,Profile [Radix: 3880 / NS: 3753] found but no company assigned to it
Profile_files.csv,163,C:\e_drive\.temp\twc-radix-data/profiles/3880\25267,Profile [Radix: 3880 / NS: 3753] found but no company assigned to it
Profile_files.csv,164,C:\e_drive\.temp\twc-radix-data/profiles/3877\25268,Profile [Radix: 3877 / NS: 3750] found but no company assigned to it
Profile_files.csv,165,C:\e_drive\.temp\twc-radix-data/profiles/3877\25269,Profile [Radix: 3877 / NS: 3750] found but no company assigned to it
Profile_files.csv,166,C:\e_drive\.temp\twc-radix-data/profiles/3873\25271,twc file id: 4461
Profile_files.csv,167,C:\e_drive\.temp\twc-radix-data/profiles/4057\25297,Profile [Radix: 4057 / NS: 3923] found but no company assigned to it
Profile_files.csv,168,C:\e_drive\.temp\twc-radix-data/profiles/3266\25307,Profile [Radix: 3266 / NS: 3124] found but no company assigned to it
Profile_files.csv,169,C:\e_drive\.temp\twc-radix-data/profiles/4220\25308,Profile [Radix: 4220 / NS: 4075] found but no company assigned to it
Profile_files.csv,170,C:\e_drive\.temp\twc-radix-data/profiles/4220\25311,Profile [Radix: 4220 / NS: 4075] found but no company assigned to it
Profile_files.csv,171,C:\e_drive\.temp\twc-radix-data/profiles/4224\25347,Profile [Radix: 4224 / NS: 3299] found but no company assigned to it
Profile_files.csv,172,C:\e_drive\.temp\twc-radix-data/profiles/4224\25348,Profile [Radix: 4224 / NS: 3299] found but no company assigned to it
Profile_files.csv,173,C:\e_drive\.temp\twc-radix-data/profiles/3560\25359,Profile [Radix: 3560 / NS: 3431] found but no company assigned to it
Profile_files.csv,174,C:\e_drive\.temp\twc-radix-data/profiles/3546\25363,Profile [Radix: 3546 / NS: 3417] found but no company assigned to it
Profile_files.csv,175,C:\e_drive\.temp\twc-radix-data/profiles/809\25394,Profile [Radix: 809 / NS: 815] found but no company assigned to it
Profile_files.csv,176,C:\e_drive\.temp\twc-radix-data/profiles/3733\25415,Profile [Radix: 3733 / NS: 3611] found but no company assigned to it
Profile_files.csv,177,C:\e_drive\.temp\twc-radix-data/profiles/3733\25416,Profile [Radix: 3733 / NS: 3611] found but no company assigned to it
Profile_files.csv,178,C:\e_drive\.temp\twc-radix-data/profiles/4015\25475,Profile [Radix: 4015 / NS: 3883] found but no company assigned to it
Profile_files.csv,179,C:\e_drive\.temp\twc-radix-data/profiles/2067\25501,Profile [Radix: 2067 / NS: 1994] found but no company assigned to it
Profile_files.csv,180,C:\e_drive\.temp\twc-radix-data/profiles/4229\25562,Profile [Radix: 4229 / NS: 3323] found but no company assigned to it
Profile_files.csv,181,C:\e_drive\.temp\twc-radix-data/profiles/2904\25576,Profile [Radix: 2904 / NS: 2770] found but no company assigned to it
Profile_files.csv,182,C:\e_drive\.temp\twc-radix-data/profiles/4229\25577,Profile [Radix: 4229 / NS: 3323] found but no company assigned to it
Profile_files.csv,183,C:\e_drive\.temp\twc-radix-data/profiles/100\25584,twc file id: 4462
Profile_files.csv,184,C:\e_drive\.temp\twc-radix-data/profiles/4232\25610,Profile [Radix: 4232 / NS: 4083] found but no company assigned to it
Profile_files.csv,185,C:\e_drive\.temp\twc-radix-data/profiles/4232\25611,Profile [Radix: 4232 / NS: 4083] found but no company assigned to it
Profile_files.csv,186,C:\e_drive\.temp\twc-radix-data/profiles/4231\25619,Profile [Radix: 4231 / NS: 4082] found but no company assigned to it
Profile_files.csv,187,C:\e_drive\.temp\twc-radix-data/profiles/4233\25648,Profile [Radix: 4233 / NS: 4084] found but no company assigned to it
Profile_files.csv,188,C:\e_drive\.temp\twc-radix-data/profiles/4233\25649,Profile [Radix: 4233 / NS: 4084] found but no company assigned to it
Profile_files.csv,189,C:\e_drive\.temp\twc-radix-data/profiles/3375\25664,Profile [Radix: 3375 / NS: 3230] found but no company assigned to it
Profile_files.csv,190,C:\e_drive\.temp\twc-radix-data/profiles/606\25674,Profile [Radix: 606 / NS: 612] found but no company assigned to it
Profile_files.csv,191,C:\e_drive\.temp\twc-radix-data/profiles/4056\25697,Profile [Radix: 4056 / NS: 3921] found but no company assigned to it
Profile_files.csv,192,C:\e_drive\.temp\twc-radix-data/profiles/759\25700,Profile [Radix: 759 / NS: 765] found but no company assigned to it
Profile_files.csv,193,C:\e_drive\.temp\twc-radix-data/profiles/3962\25708,Profile [Radix: 3962 / NS: 3833] found but no company assigned to it
Profile_files.csv,194,C:\e_drive\.temp\twc-radix-data/profiles/1865\25709,Profile [Radix: 1865 / NS: 1799] found but no company assigned to it
Profile_files.csv,195,C:\e_drive\.temp\twc-radix-data/profiles/4235\25714,Profile [Radix: 4235 / NS: 4086] found but no company assigned to it
Profile_files.csv,196,C:\e_drive\.temp\twc-radix-data/profiles/4236\25718,Profile [Radix: 4236 / NS: 4087] found but no company assigned to it
Profile_files.csv,197,C:\e_drive\.temp\twc-radix-data/profiles/4236\25721,Profile [Radix: 4236 / NS: 4087] found but no company assigned to it
Profile_files.csv,198,C:\e_drive\.temp\twc-radix-data/profiles/4237\25722,Profile [Radix: 4237 / NS: 4088] found but no company assigned to it
Profile_files.csv,199,C:\e_drive\.temp\twc-radix-data/profiles/4237\25725,Profile [Radix: 4237 / NS: 4088] found but no company assigned to it
Profile_files.csv,200,C:\e_drive\.temp\twc-radix-data/profiles/291\25729,Profile [Radix: 291 / NS: 296] found but no company assigned to it
Profile_files.csv,201,C:\e_drive\.temp\twc-radix-data/profiles/291\25730,Profile [Radix: 291 / NS: 296] found but no company assigned to it
Profile_files.csv,202,C:\e_drive\.temp\twc-radix-data/profiles/915\25751,Profile [Radix: 915 / NS: 917] found but no company assigned to it
Profile_files.csv,203,C:\e_drive\.temp\twc-radix-data/profiles/3984\25753,Profile [Radix: 3984 / NS: 3852] found but no company assigned to it
Profile_files.csv,204,C:\e_drive\.temp\twc-radix-data/profiles/4239\25769,Profile [Radix: 4239 / NS: 4090] found but no company assigned to it
Profile_files.csv,205,C:\e_drive\.temp\twc-radix-data/profiles/4239\25770,Profile [Radix: 4239 / NS: 4090] found but no company assigned to it
Profile_files.csv,206,C:\e_drive\.temp\twc-radix-data/profiles/4240\25773,Profile [Radix: 4240 / NS: 4091] found but no company assigned to it
Profile_files.csv,207,C:\e_drive\.temp\twc-radix-data/profiles/4241\25776,Profile [Radix: 4241 / NS: 4092] found but no company assigned to it
Profile_files.csv,208,C:\e_drive\.temp\twc-radix-data/profiles/820\25779,Profile [Radix: 820 / NS: 826] found but no company assigned to it
Profile_files.csv,209,C:\e_drive\.temp\twc-radix-data/profiles/4242\25797,Profile [Radix: 4242 / NS: 4093] found but no company assigned to it
Profile_files.csv,210,C:\e_drive\.temp\twc-radix-data/profiles/4235\25798,Profile [Radix: 4235 / NS: 4086] found but no company assigned to it
Profile_files.csv,211,C:\e_drive\.temp\twc-radix-data/profiles/4243\25801,Profile [Radix: 4243 / NS: 4094] found but no company assigned to it
Profile_files.csv,212,C:\e_drive\.temp\twc-radix-data/profiles/4243\25803,Profile [Radix: 4243 / NS: 4094] found but no company assigned to it
Profile_files.csv,213,C:\e_drive\.temp\twc-radix-data/profiles/190\25816,Profile [Radix: 190 / NS: 194] found but no company assigned to it
Profile_files.csv,214,C:\e_drive\.temp\twc-radix-data/profiles/3266\25838,Profile [Radix: 3266 / NS: 3124] found but no company assigned to it
Profile_files.csv,215,C:\e_drive\.temp\twc-radix-data/profiles/3467\25841,Profile [Radix: 3467 / NS: 3329] found but no company assigned to it
Profile_files.csv,216,C:\e_drive\.temp\twc-radix-data/profiles/184\25966,Profile [Radix: 184 / NS: 188] found but no company assigned to it
Profile_files.csv,217,C:\e_drive\.temp\twc-radix-data/profiles/189\26108,Profile [Radix: 189 / NS: 193] found but no company assigned to it
Profile_files.csv,218,C:\e_drive\.temp\twc-radix-data/profiles/2376\26109,Profile [Radix: 2376 / NS: 2281] found but no company assigned to it
Profile_files.csv,219,C:\e_drive\.temp\twc-radix-data/profiles/3623\26113,Profile [Radix: 3623 / NS: 3494] found but no company assigned to it
Profile_files.csv,220,C:\e_drive\.temp\twc-radix-data/profiles/1900\26114,Profile [Radix: 1900 / NS: 1836] found but no company assigned to it
Profile_files.csv,221,C:\e_drive\.temp\twc-radix-data/profiles/2983\26195,Profile [Radix: 2983 / NS: 2847] found but no company assigned to it
Profile_files.csv,222,C:\e_drive\.temp\twc-radix-data/profiles/3924\26207,Profile [Radix: 3924 / NS: 3794] found but no company assigned to it
Profile_files.csv,223,C:\e_drive\.temp\twc-radix-data/profiles/157\26244,Profile [Radix: 157 / NS: 160] found but no company assigned to it
Profile_files.csv,224,C:\e_drive\.temp\twc-radix-data/profiles/3804\26275,Profile [Radix: 3804 / NS: 3676] found but no company assigned to it
Profile_files.csv,225,C:\e_drive\.temp\twc-radix-data/profiles/1985\26276,Profile [Radix: 1985 / NS: 1891] found but no company assigned to it
Profile_files.csv,226,C:\e_drive\.temp\twc-radix-data/profiles/3664\26278,Profile [Radix: 3664 / NS: 3534] found but no company assigned to it
Profile_files.csv,227,C:\e_drive\.temp\twc-radix-data/profiles/4249\26285,Profile [Radix: 4249 / NS: 3803] found but no company assigned to it
Profile_files.csv,228,C:\e_drive\.temp\twc-radix-data/profiles/4249\26286,Profile [Radix: 4249 / NS: 3803] found but no company assigned to it
Profile_files.csv,229,C:\e_drive\.temp\twc-radix-data/profiles/4249\26287,Profile [Radix: 4249 / NS: 3803] found but no company assigned to it
Profile_files.csv,230,C:\e_drive\.temp\twc-radix-data/profiles/4249\26288,Profile [Radix: 4249 / NS: 3803] found but no company assigned to it
Profile_files.csv,231,C:\e_drive\.temp\twc-radix-data/profiles/3017\26290,Profile [Radix: 3017 / NS: 2881] found but no company assigned to it
Profile_files.csv,232,C:\e_drive\.temp\twc-radix-data/profiles/4106\26292,Profile [Radix: 4106 / NS: 3970] found but no company assigned to it
Profile_files.csv,233,C:\e_drive\.temp\twc-radix-data/profiles/3989\26345,Profile [Radix: 3989 / NS: 3857] found but no company assigned to it
Profile_files.csv,234,C:\e_drive\.temp\twc-radix-data/profiles/3915\26408,Profile [Radix: 3915 / NS: 3785] found but no company assigned to it
Profile_files.csv,235,C:\e_drive\.temp\twc-radix-data/profiles/4071\26437,Profile [Radix: 4071 / NS: 3308] found but no company assigned to it
Profile_files.csv,236,C:\e_drive\.temp\twc-radix-data/profiles/3865\26460,Profile [Radix: 3865 / NS: 3739] found but no company assigned to it
Profile_files.csv,237,C:\e_drive\.temp\twc-radix-data/profiles/3865\26461,Profile [Radix: 3865 / NS: 3739] found but no company assigned to it
Profile_files.csv,238,C:\e_drive\.temp\twc-radix-data/profiles/3839\26462,Profile [Radix: 3839 / NS: 3711] found but no company assigned to it
Profile_files.csv,239,C:\e_drive\.temp\twc-radix-data/profiles/3850\26463,Profile [Radix: 3850 / NS: 3724] found but no company assigned to it
Profile_files.csv,240,C:\e_drive\.temp\twc-radix-data/profiles/4255\26465,Profile [Radix: 4255 / NS: 4105] found but no company assigned to it
Profile_files.csv,241,C:\e_drive\.temp\twc-radix-data/profiles/3195\26479,Profile [Radix: 3195 / NS: 3055] found but no company assigned to it
Profile_files.csv,242,C:\e_drive\.temp\twc-radix-data/profiles/4139\26486,Profile [Radix: 4139 / NS: 4001] found but no company assigned to it
Profile_files.csv,243,C:\e_drive\.temp\twc-radix-data/profiles/4196\26490,Profile [Radix: 4196 / NS: 4055] found but no company assigned to it
Profile_files.csv,244,C:\e_drive\.temp\twc-radix-data/profiles/3052\26493,Profile [Radix: 3052 / NS: 2917] found but no company assigned to it
Profile_files.csv,245,C:\e_drive\.temp\twc-radix-data/profiles/4252\26566,Profile [Radix: 4252 / NS: 4102] found but no company assigned to it
Profile_files.csv,246,C:\e_drive\.temp\twc-radix-data/profiles/4252\26567,Profile [Radix: 4252 / NS: 4102] found but no company assigned to it
Profile_files.csv,247,C:\e_drive\.temp\twc-radix-data/profiles/927\26568,Profile [Radix: 927 / NS: 929] found but no company assigned to it
Profile_files.csv,248,C:\e_drive\.temp\twc-radix-data/profiles/927\26583,Profile [Radix: 927 / NS: 929] found but no company assigned to it
Profile_files.csv,249,C:\e_drive\.temp\twc-radix-data/profiles/1536\26584,Profile [Radix: 1536 / NS: 1320] found but no company assigned to it
Profile_files.csv,250,C:\e_drive\.temp\twc-radix-data/profiles/3865\26585,Profile [Radix: 3865 / NS: 3739] found but no company assigned to it
Profile_files.csv,251,C:\e_drive\.temp\twc-radix-data/profiles/4093\26671,Profile [Radix: 4093 / NS: 3956] found but no company assigned to it
Profile_files.csv,252,C:\e_drive\.temp\twc-radix-data/profiles/3077\26676,Profile [Radix: 3077 / NS: 2943] found but no company assigned to it
Profile_files.csv,253,C:\e_drive\.temp\twc-radix-data/profiles/4264\26785,twc file id: 4463
Profile_files.csv,254,C:\e_drive\.temp\twc-radix-data/profiles/3571\26787,Profile [Radix: 3571 / NS: 3443] found but no company assigned to it
Profile_files.csv,255,C:\e_drive\.temp\twc-radix-data/profiles/3696\26847,Profile [Radix: 3696 / NS: 3575] found but no company assigned to it
Profile_files.csv,256,C:\e_drive\.temp\twc-radix-data/profiles/4084\26858,twc file id: 4464
Profile_files.csv,257,C:\e_drive\.temp\twc-radix-data/profiles/4266\26899,Profile [Radix: 4266 / NS: 4113] found but no company assigned to it
Profile_files.csv,258,C:\e_drive\.temp\twc-radix-data/profiles/4267\26900,Profile [Radix: 4267 / NS: 4114] found but no company assigned to it
Profile_files.csv,259,C:\e_drive\.temp\twc-radix-data/profiles/4267\26901,Profile [Radix: 4267 / NS: 4114] found but no company assigned to it
Profile_files.csv,260,C:\e_drive\.temp\twc-radix-data/profiles/2067\26923,Profile [Radix: 2067 / NS: 1994] found but no company assigned to it
Profile_files.csv,261,C:\e_drive\.temp\twc-radix-data/profiles/4267\26934,Profile [Radix: 4267 / NS: 4114] found but no company assigned to it
Profile_files.csv,262,C:\e_drive\.temp\twc-radix-data/profiles/4266\26937,Profile [Radix: 4266 / NS: 4113] found but no company assigned to it
Profile_files.csv,263,C:\e_drive\.temp\twc-radix-data/profiles/4266\26938,Profile [Radix: 4266 / NS: 4113] found but no company assigned to it
Profile_files.csv,264,C:\e_drive\.temp\twc-radix-data/profiles/1859\26939,Profile [Radix: 1859 / NS: 1794] found but no company assigned to it
Profile_files.csv,265,C:\e_drive\.temp\twc-radix-data/profiles/3578\26940,Profile [Radix: 3578 / NS: 3451] found but no company assigned to it
Profile_files.csv,266,C:\e_drive\.temp\twc-radix-data/profiles/4267\26955,Profile [Radix: 4267 / NS: 4114] found but no company assigned to it
Profile_files.csv,267,C:\e_drive\.temp\twc-radix-data/profiles/4268\26957,Profile [Radix: 4268 / NS: 4115] found but no company assigned to it
Profile_files.csv,268,C:\e_drive\.temp\twc-radix-data/profiles/3866\26961,Profile [Radix: 3866 / NS: 3740] found but no company assigned to it
Profile_files.csv,269,C:\e_drive\.temp\twc-radix-data/profiles/3866\26962,Profile [Radix: 3866 / NS: 3740] found but no company assigned to it
Profile_files.csv,270,C:\e_drive\.temp\twc-radix-data/profiles/3017\26997,Profile [Radix: 3017 / NS: 2881] found but no company assigned to it
Profile_files.csv,271,C:\e_drive\.temp\twc-radix-data/profiles/1985\26999,Profile [Radix: 1985 / NS: 1891] found but no company assigned to it
Profile_files.csv,272,C:\e_drive\.temp\twc-radix-data/profiles/3846\27001,Profile [Radix: 3846 / NS: 3719] found but no company assigned to it
Profile_files.csv,273,C:\e_drive\.temp\twc-radix-data/profiles/1859\27011,Profile [Radix: 1859 / NS: 1794] found but no company assigned to it
Profile_files.csv,274,C:\e_drive\.temp\twc-radix-data/profiles/3796\27012,Profile [Radix: 3796 / NS: 3668] found but no company assigned to it
Profile_files.csv,275,C:\e_drive\.temp\twc-radix-data/profiles/4186\27027,Profile [Radix: 4186 / NS: 4045] found but no company assigned to it
Profile_files.csv,276,C:\e_drive\.temp\twc-radix-data/profiles/4186\27028,Profile [Radix: 4186 / NS: 4045] found but no company assigned to it
Profile_files.csv,277,C:\e_drive\.temp\twc-radix-data/profiles/4186\27029,Profile [Radix: 4186 / NS: 4045] found but no company assigned to it
Profile_files.csv,278,C:\e_drive\.temp\twc-radix-data/profiles/641\27054,Profile [Radix: 641 / NS: 647] found but no company assigned to it
Profile_files.csv,279,C:\e_drive\.temp\twc-radix-data/profiles/641\27055,Profile [Radix: 641 / NS: 647] found but no company assigned to it
Profile_files.csv,280,C:\e_drive\.temp\twc-radix-data/profiles/4131\27056,Profile [Radix: 4131 / NS: 3993] found but no company assigned to it
Profile_files.csv,281,C:\e_drive\.temp\twc-radix-data/profiles/4131\27057,Profile [Radix: 4131 / NS: 3993] found but no company assigned to it
Profile_files.csv,282,C:\e_drive\.temp\twc-radix-data/profiles/3258\27058,Profile [Radix: 3258 / NS: 3116] found but no company assigned to it
Profile_files.csv,283,C:\e_drive\.temp\twc-radix-data/profiles/4268\27059,Profile [Radix: 4268 / NS: 4115] found but no company assigned to it
Profile_files.csv,284,C:\e_drive\.temp\twc-radix-data/profiles/4245\27060,Profile [Radix: 4245 / NS: 4096] found but no company assigned to it
Profile_files.csv,285,C:\e_drive\.temp\twc-radix-data/profiles/4245\27062,Profile [Radix: 4245 / NS: 4096] found but no company assigned to it
Profile_files.csv,286,C:\e_drive\.temp\twc-radix-data/profiles/3804\27063,Profile [Radix: 3804 / NS: 3676] found but no company assigned to it
Profile_files.csv,287,C:\e_drive\.temp\twc-radix-data/profiles/797\27064,Profile [Radix: 797 / NS: 803] found but no company assigned to it
Profile_files.csv,288,C:\e_drive\.temp\twc-radix-data/profiles/797\27065,Profile [Radix: 797 / NS: 803] found but no company assigned to it
Profile_files.csv,289,C:\e_drive\.temp\twc-radix-data/profiles/801\27066,Profile [Radix: 801 / NS: 807] found but no company assigned to it
Profile_files.csv,290,C:\e_drive\.temp\twc-radix-data/profiles/804\27069,Profile [Radix: 804 / NS: 810] found but no company assigned to it
Profile_files.csv,291,C:\e_drive\.temp\twc-radix-data/profiles/3954\27073,Profile [Radix: 3954 / NS: 3825] found but no company assigned to it
Profile_files.csv,292,C:\e_drive\.temp\twc-radix-data/profiles/3954\27074,Profile [Radix: 3954 / NS: 3825] found but no company assigned to it
Profile_files.csv,293,C:\e_drive\.temp\twc-radix-data/profiles/3647\27085,Profile [Radix: 3647 / NS: 3517] found but no company assigned to it
Profile_files.csv,294,C:\e_drive\.temp\twc-radix-data/profiles/2394\27128,Profile [Radix: 2394 / NS: 1922] found but no company assigned to it
Profile_files.csv,295,C:\e_drive\.temp\twc-radix-data/profiles/2394\27129,Profile [Radix: 2394 / NS: 1922] found but no company assigned to it
Profile_files.csv,296,C:\e_drive\.temp\twc-radix-data/profiles/3915\27130,Profile [Radix: 3915 / NS: 3785] found but no company assigned to it
Profile_files.csv,297,C:\e_drive\.temp\twc-radix-data/profiles/3915\27131,Profile [Radix: 3915 / NS: 3785] found but no company assigned to it
Profile_files.csv,298,C:\e_drive\.temp\twc-radix-data/profiles/4196\27165,Profile [Radix: 4196 / NS: 4055] found but no company assigned to it
Profile_files.csv,299,C:\e_drive\.temp\twc-radix-data/profiles/4138\27170,Profile [Radix: 4138 / NS: 4000] found but no company assigned to it
Profile_files.csv,300,C:\e_drive\.temp\twc-radix-data/profiles/4270\27183,Profile [Radix: 4270 / NS: 4003] found but no company assigned to it
Profile_files.csv,301,C:\e_drive\.temp\twc-radix-data/profiles/4270\27184,Profile [Radix: 4270 / NS: 4003] found but no company assigned to it
Profile_files.csv,302,C:\e_drive\.temp\twc-radix-data/profiles/3838\27258,Profile [Radix: 3838 / NS: 3710] found but no company assigned to it
Profile_files.csv,303,C:\e_drive\.temp\twc-radix-data/profiles/3133\27260,Profile [Radix: 3133 / NS: 2995] found but no company assigned to it
Profile_files.csv,304,C:\e_drive\.temp\twc-radix-data/profiles/457\27261,Profile [Radix: 457 / NS: 462] found but no company assigned to it
Profile_files.csv,305,C:\e_drive\.temp\twc-radix-data/profiles/2397\27262,Profile [Radix: 2397 / NS: 2300] found but no company assigned to it
Profile_files.csv,306,C:\e_drive\.temp\twc-radix-data/profiles/3871\27272,Profile [Radix: 3871 / NS: 3746] found but no company assigned to it
Profile_files.csv,307,C:\e_drive\.temp\twc-radix-data/profiles/1859\29389,No Radif File record found for ID: 29389
Profile_files.csv,308,C:\e_drive\.temp\twc-radix-data/profiles/368\27283,Profile [Radix: 368 / NS: 373] found but no company assigned to it
Profile_files.csv,309,C:\e_drive\.temp\twc-radix-data/profiles/152\27289,Profile [Radix: 152 / NS: 155] found but no company assigned to it
Profile_files.csv,310,C:\e_drive\.temp\twc-radix-data/profiles/154\27312,Profile [Radix: 154 / NS: 157] found but no company assigned to it
Profile_files.csv,311,C:\e_drive\.temp\twc-radix-data/profiles/3133\27334,Profile [Radix: 3133 / NS: 2995] found but no company assigned to it
Profile_files.csv,312,C:\e_drive\.temp\twc-radix-data/profiles/4273\27347,Profile [Radix: 4273 / NS: 4004] found but no company assigned to it
Profile_files.csv,313,C:\e_drive\.temp\twc-radix-data/profiles/4273\27348,Profile [Radix: 4273 / NS: 4004] found but no company assigned to it
Profile_files.csv,314,C:\e_drive\.temp\twc-radix-data/profiles/4273\27351,Profile [Radix: 4273 / NS: 4004] found but no company assigned to it
Profile_files.csv,315,C:\e_drive\.temp\twc-radix-data/profiles/4171\27363,Profile [Radix: 4171 / NS: 4030] found but no company assigned to it
Profile_files.csv,316,C:\e_drive\.temp\twc-radix-data/profiles/3918\27364,Profile [Radix: 3918 / NS: 3788] found but no company assigned to it
Profile_files.csv,317,C:\e_drive\.temp\twc-radix-data/profiles/3918\27365,Profile [Radix: 3918 / NS: 3788] found but no company assigned to it
Profile_files.csv,318,C:\e_drive\.temp\twc-radix-data/profiles/3866\27372,Profile [Radix: 3866 / NS: 3740] found but no company assigned to it
Profile_files.csv,319,C:\e_drive\.temp\twc-radix-data/profiles/3866\27373,Profile [Radix: 3866 / NS: 3740] found but no company assigned to it
Profile_files.csv,320,C:\e_drive\.temp\twc-radix-data/profiles/4145\27374,Profile [Radix: 4145 / NS: 4007] found but no company assigned to it
Profile_files.csv,321,C:\e_drive\.temp\twc-radix-data/profiles/4145\27375,Profile [Radix: 4145 / NS: 4007] found but no company assigned to it
Profile_files.csv,322,C:\e_drive\.temp\twc-radix-data/profiles/4070\27376,Profile [Radix: 4070 / NS: 2085] found but no company assigned to it
Profile_files.csv,323,C:\e_drive\.temp\twc-radix-data/profiles/4070\27377,Profile [Radix: 4070 / NS: 2085] found but no company assigned to it
Profile_files.csv,324,C:\e_drive\.temp\twc-radix-data/profiles/3515\27393,Profile [Radix: 3515 / NS: 3385] found but no company assigned to it
Profile_files.csv,325,C:\e_drive\.temp\twc-radix-data/profiles/246\27457,twc file id: 4465
Profile_files.csv,326,C:\e_drive\.temp\twc-radix-data/profiles/246\27458,twc file id: 4466
Profile_files.csv,327,C:\e_drive\.temp\twc-radix-data/profiles/246\27459,twc file id: 4467
Profile_files.csv,328,C:\e_drive\.temp\twc-radix-data/profiles/368\27464,Profile [Radix: 368 / NS: 373] found but no company assigned to it
Profile_files.csv,329,C:\e_drive\.temp\twc-radix-data/profiles/368\27465,Profile [Radix: 368 / NS: 373] found but no company assigned to it
Profile_files.csv,330,C:\e_drive\.temp\twc-radix-data/profiles/190\27466,Profile [Radix: 190 / NS: 194] found but no company assigned to it
Profile_files.csv,331,C:\e_drive\.temp\twc-radix-data/profiles/190\27467,Profile [Radix: 190 / NS: 194] found but no company assigned to it
Profile_files.csv,332,C:\e_drive\.temp\twc-radix-data/profiles/4201\27469,Profile [Radix: 4201 / NS: 4058] found but no company assigned to it
Profile_files.csv,333,C:\e_drive\.temp\twc-radix-data/profiles/4146\27532,Profile [Radix: 4146 / NS: 4008] found but no company assigned to it
Profile_files.csv,334,C:\e_drive\.temp\twc-radix-data/profiles/4278\27534,twc file id: 4468
Profile_files.csv,335,C:\e_drive\.temp\twc-radix-data/profiles/4278\27535,twc file id: 4469
Profile_files.csv,336,C:\e_drive\.temp\twc-radix-data/profiles/4280\27569,Profile [Radix: 4280 / NS: 3491] found but no company assigned to it
Profile_files.csv,337,C:\e_drive\.temp\twc-radix-data/profiles/4280\27570,Profile [Radix: 4280 / NS: 3491] found but no company assigned to it
Profile_files.csv,338,C:\e_drive\.temp\twc-radix-data/profiles/4281\27573,Profile [Radix: 4281 / NS: 4123] found but no company assigned to it
Profile_files.csv,339,C:\e_drive\.temp\twc-radix-data/profiles/4281\27574,Profile [Radix: 4281 / NS: 4123] found but no company assigned to it
Profile_files.csv,340,C:\e_drive\.temp\twc-radix-data/profiles/4270\27584,Profile [Radix: 4270 / NS: 4003] found but no company assigned to it
Profile_files.csv,341,C:\e_drive\.temp\twc-radix-data/profiles/4270\27585,Profile [Radix: 4270 / NS: 4003] found but no company assigned to it
Profile_files.csv,342,C:\e_drive\.temp\twc-radix-data/profiles/3258\27586,Profile [Radix: 3258 / NS: 3116] found but no company assigned to it
Profile_files.csv,343,C:\e_drive\.temp\twc-radix-data/profiles/3258\27587,Profile [Radix: 3258 / NS: 3116] found but no company assigned to it
Profile_files.csv,344,C:\e_drive\.temp\twc-radix-data/profiles/3358\27588,Profile [Radix: 3358 / NS: 3213] found but no company assigned to it
Profile_files.csv,345,C:\e_drive\.temp\twc-radix-data/profiles/3358\27589,Profile [Radix: 3358 / NS: 3213] found but no company assigned to it
Profile_files.csv,346,C:\e_drive\.temp\twc-radix-data/profiles/190\27593,Profile [Radix: 190 / NS: 194] found but no company assigned to it
Profile_files.csv,347,C:\e_drive\.temp\twc-radix-data/profiles/4282\27596,Profile [Radix: 4282 / NS: 4124] found but no company assigned to it
Profile_files.csv,348,C:\e_drive\.temp\twc-radix-data/profiles/4282\27599,Profile [Radix: 4282 / NS: 4124] found but no company assigned to it
Profile_files.csv,349,C:\e_drive\.temp\twc-radix-data/profiles/3271\27603,Profile [Radix: 3271 / NS: 3102] found but no company assigned to it
Profile_files.csv,350,C:\e_drive\.temp\twc-radix-data/profiles/3515\27668,Profile [Radix: 3515 / NS: 3385] found but no company assigned to it
Profile_files.csv,351,C:\e_drive\.temp\twc-radix-data/profiles/3515\27669,Profile [Radix: 3515 / NS: 3385] found but no company assigned to it
Profile_files.csv,352,C:\e_drive\.temp\twc-radix-data/profiles/3850\27670,Profile [Radix: 3850 / NS: 3724] found but no company assigned to it
Profile_files.csv,353,C:\e_drive\.temp\twc-radix-data/profiles/4283\27673,Profile [Radix: 4283 / NS: 4118] found but no company assigned to it
Profile_files.csv,354,C:\e_drive\.temp\twc-radix-data/profiles/4283\27674,Profile [Radix: 4283 / NS: 4118] found but no company assigned to it
Profile_files.csv,355,C:\e_drive\.temp\twc-radix-data/profiles/4284\27675,Profile [Radix: 4284 / NS: 4125] found but no company assigned to it
Profile_files.csv,356,C:\e_drive\.temp\twc-radix-data/profiles/4284\27676,Profile [Radix: 4284 / NS: 4125] found but no company assigned to it
Profile_files.csv,357,C:\e_drive\.temp\twc-radix-data/profiles/4286\27677,Profile [Radix: 4286 / NS: 4127] found but no company assigned to it
Profile_files.csv,358,C:\e_drive\.temp\twc-radix-data/profiles/4286\27678,Profile [Radix: 4286 / NS: 4127] found but no company assigned to it
Profile_files.csv,359,C:\e_drive\.temp\twc-radix-data/profiles/3904\27681,Profile [Radix: 3904 / NS: 3775] found but no company assigned to it
Profile_files.csv,360,C:\e_drive\.temp\twc-radix-data/profiles/3904\27682,Profile [Radix: 3904 / NS: 3775] found but no company assigned to it
Profile_files.csv,361,C:\e_drive\.temp\twc-radix-data/profiles/2429\27687,Profile [Radix: 2429 / NS: 2328] found but no company assigned to it
Profile_files.csv,362,C:\e_drive\.temp\twc-radix-data/profiles/4288\27688,Profile [Radix: 4288 / NS: 4129] found but no company assigned to it
Profile_files.csv,363,C:\e_drive\.temp\twc-radix-data/profiles/4288\27689,Profile [Radix: 4288 / NS: 4129] found but no company assigned to it
Profile_files.csv,364,C:\e_drive\.temp\twc-radix-data/profiles/3103\27691,Profile [Radix: 3103 / NS: 2965] found but no company assigned to it
Profile_files.csv,365,C:\e_drive\.temp\twc-radix-data/profiles/3103\27692,Profile [Radix: 3103 / NS: 2965] found but no company assigned to it
Profile_files.csv,366,C:\e_drive\.temp\twc-radix-data/profiles/3880\27694,Profile [Radix: 3880 / NS: 3753] found but no company assigned to it
Profile_files.csv,367,C:\e_drive\.temp\twc-radix-data/profiles/3514\27695,Profile [Radix: 3514 / NS: 3384] found but no company assigned to it
Profile_files.csv,368,C:\e_drive\.temp\twc-radix-data/profiles/3514\27696,Profile [Radix: 3514 / NS: 3384] found but no company assigned to it
Profile_files.csv,369,C:\e_drive\.temp\twc-radix-data/profiles/3514\27699,Profile [Radix: 3514 / NS: 3384] found but no company assigned to it
Profile_files.csv,370,C:\e_drive\.temp\twc-radix-data/profiles/3103\27718,Profile [Radix: 3103 / NS: 2965] found but no company assigned to it
Profile_files.csv,371,C:\e_drive\.temp\twc-radix-data/profiles/3961\27721,Profile [Radix: 3961 / NS: 3832] found but no company assigned to it
Profile_files.csv,372,C:\e_drive\.temp\twc-radix-data/profiles/3961\27722,Profile [Radix: 3961 / NS: 3832] found but no company assigned to it
Profile_files.csv,373,C:\e_drive\.temp\twc-radix-data/profiles/3077\27723,Profile [Radix: 3077 / NS: 2943] found but no company assigned to it
Profile_files.csv,374,C:\e_drive\.temp\twc-radix-data/profiles/3077\27724,Profile [Radix: 3077 / NS: 2943] found but no company assigned to it
Profile_files.csv,375,C:\e_drive\.temp\twc-radix-data/profiles/3310\27729,twc file id: 4470
Profile_files.csv,376,C:\e_drive\.temp\twc-radix-data/profiles/3310\27730,A file with same name for same record already found
Profile_files.csv,377,C:\e_drive\.temp\twc-radix-data/profiles/3310\27731,twc file id: 4471
Profile_files.csv,378,C:\e_drive\.temp\twc-radix-data/profiles/3571\27732,Profile [Radix: 3571 / NS: 3443] found but no company assigned to it
Profile_files.csv,379,C:\e_drive\.temp\twc-radix-data/profiles/3571\27733,Profile [Radix: 3571 / NS: 3443] found but no company assigned to it
Profile_files.csv,380,C:\e_drive\.temp\twc-radix-data/profiles/2983\27734,Profile [Radix: 2983 / NS: 2847] found but no company assigned to it
Profile_files.csv,381,C:\e_drive\.temp\twc-radix-data/profiles/3623\27735,Profile [Radix: 3623 / NS: 3494] found but no company assigned to it
Profile_files.csv,382,C:\e_drive\.temp\twc-radix-data/profiles/4020\27736,Profile [Radix: 4020 / NS: 3888] found but no company assigned to it
Profile_files.csv,383,C:\e_drive\.temp\twc-radix-data/profiles/4020\27737,Profile [Radix: 4020 / NS: 3888] found but no company assigned to it
Profile_files.csv,384,C:\e_drive\.temp\twc-radix-data/profiles/3303\27738,Profile [Radix: 3303 / NS: 3159] found but no company assigned to it
Profile_files.csv,385,C:\e_drive\.temp\twc-radix-data/profiles/3303\27739,Profile [Radix: 3303 / NS: 3159] found but no company assigned to it
Profile_files.csv,386,C:\e_drive\.temp\twc-radix-data/profiles/3044\27740,Profile [Radix: 3044 / NS: 2909] found but no company assigned to it
Profile_files.csv,387,C:\e_drive\.temp\twc-radix-data/profiles/3044\27741,Profile [Radix: 3044 / NS: 2909] found but no company assigned to it
Profile_files.csv,388,C:\e_drive\.temp\twc-radix-data/profiles/3803\27743,Profile [Radix: 3803 / NS: 3674] found but no company assigned to it
Profile_files.csv,389,C:\e_drive\.temp\twc-radix-data/profiles/3803\27744,Profile [Radix: 3803 / NS: 3674] found but no company assigned to it
Profile_files.csv,390,C:\e_drive\.temp\twc-radix-data/profiles/3803\27745,Profile [Radix: 3803 / NS: 3674] found but no company assigned to it
Profile_files.csv,391,C:\e_drive\.temp\twc-radix-data/profiles/3803\27746,Profile [Radix: 3803 / NS: 3674] found but no company assigned to it
Profile_files.csv,392,C:\e_drive\.temp\twc-radix-data/profiles/3040\27747,Profile [Radix: 3040 / NS: 2905] found but no company assigned to it
Profile_files.csv,393,C:\e_drive\.temp\twc-radix-data/profiles/3040\27748,Profile [Radix: 3040 / NS: 2905] found but no company assigned to it
Profile_files.csv,394,C:\e_drive\.temp\twc-radix-data/profiles/3810\27749,Profile [Radix: 3810 / NS: 3681] found but no company assigned to it
Profile_files.csv,395,C:\e_drive\.temp\twc-radix-data/profiles/3810\27750,Profile [Radix: 3810 / NS: 3681] found but no company assigned to it
Profile_files.csv,396,C:\e_drive\.temp\twc-radix-data/profiles/3810\27751,Profile [Radix: 3810 / NS: 3681] found but no company assigned to it
Profile_files.csv,397,C:\e_drive\.temp\twc-radix-data/profiles/3810\27752,Profile [Radix: 3810 / NS: 3681] found but no company assigned to it
Profile_files.csv,398,C:\e_drive\.temp\twc-radix-data/profiles/189\27753,Profile [Radix: 189 / NS: 193] found but no company assigned to it
Profile_files.csv,399,C:\e_drive\.temp\twc-radix-data/profiles/3802\27756,Profile [Radix: 3802 / NS: 3673] found but no company assigned to it
Profile_files.csv,400,C:\e_drive\.temp\twc-radix-data/profiles/3802\27757,Profile [Radix: 3802 / NS: 3673] found but no company assigned to it
Profile_files.csv,401,C:\e_drive\.temp\twc-radix-data/profiles/3802\27758,Profile [Radix: 3802 / NS: 3673] found but no company assigned to it
Profile_files.csv,402,C:\e_drive\.temp\twc-radix-data/profiles/3802\27759,Profile [Radix: 3802 / NS: 3673] found but no company assigned to it
Profile_files.csv,403,C:\e_drive\.temp\twc-radix-data/profiles/3801\27760,Profile [Radix: 3801 / NS: 3672] found but no company assigned to it
Profile_files.csv,404,C:\e_drive\.temp\twc-radix-data/profiles/3801\27761,Profile [Radix: 3801 / NS: 3672] found but no company assigned to it
Profile_files.csv,405,C:\e_drive\.temp\twc-radix-data/profiles/3801\27762,Profile [Radix: 3801 / NS: 3672] found but no company assigned to it
Profile_files.csv,406,C:\e_drive\.temp\twc-radix-data/profiles/3801\27763,Profile [Radix: 3801 / NS: 3672] found but no company assigned to it
Profile_files.csv,407,C:\e_drive\.temp\twc-radix-data/profiles/2574\27769,Profile [Radix: 2574 / NS: 2463] found but no company assigned to it
Profile_files.csv,408,C:\e_drive\.temp\twc-radix-data/profiles/2575\27770,Profile [Radix: 2575 / NS: 2464] found but no company assigned to it
Profile_files.csv,409,C:\e_drive\.temp\twc-radix-data/profiles/4229\27817,Profile [Radix: 4229 / NS: 3323] found but no company assigned to it
Profile_files.csv,410,C:\e_drive\.temp\twc-radix-data/profiles/4229\27818,Profile [Radix: 4229 / NS: 3323] found but no company assigned to it
Profile_files.csv,411,C:\e_drive\.temp\twc-radix-data/profiles/4241\27819,Profile [Radix: 4241 / NS: 4092] found but no company assigned to it
Profile_files.csv,412,C:\e_drive\.temp\twc-radix-data/profiles/4241\27820,Profile [Radix: 4241 / NS: 4092] found but no company assigned to it
Profile_files.csv,413,C:\e_drive\.temp\twc-radix-data/profiles/3846\27821,Profile [Radix: 3846 / NS: 3719] found but no company assigned to it
Profile_files.csv,414,C:\e_drive\.temp\twc-radix-data/profiles/3846\27822,Profile [Radix: 3846 / NS: 3719] found but no company assigned to it
Profile_files.csv,415,C:\e_drive\.temp\twc-radix-data/profiles/3552\27825,Profile [Radix: 3552 / NS: 3423] found but no company assigned to it
Profile_files.csv,416,C:\e_drive\.temp\twc-radix-data/profiles/3552\27826,Profile [Radix: 3552 / NS: 3423] found but no company assigned to it
Profile_files.csv,417,C:\e_drive\.temp\twc-radix-data/profiles/3531\27827,Profile [Radix: 3531 / NS: 3401] found but no company assigned to it
Profile_files.csv,418,C:\e_drive\.temp\twc-radix-data/profiles/3531\27828,Profile [Radix: 3531 / NS: 3401] found but no company assigned to it
Profile_files.csv,419,C:\e_drive\.temp\twc-radix-data/profiles/184\27829,Profile [Radix: 184 / NS: 188] found but no company assigned to it
Profile_files.csv,420,C:\e_drive\.temp\twc-radix-data/profiles/184\27833,Profile [Radix: 184 / NS: 188] found but no company assigned to it
Profile_files.csv,421,C:\e_drive\.temp\twc-radix-data/profiles/3551\27834,Profile [Radix: 3551 / NS: 3422] found but no company assigned to it
Profile_files.csv,422,C:\e_drive\.temp\twc-radix-data/profiles/3551\27835,Profile [Radix: 3551 / NS: 3422] found but no company assigned to it
Profile_files.csv,423,C:\e_drive\.temp\twc-radix-data/profiles/3359\27836,Profile [Radix: 3359 / NS: 3214] found but no company assigned to it
Profile_files.csv,424,C:\e_drive\.temp\twc-radix-data/profiles/3359\27837,Profile [Radix: 3359 / NS: 3214] found but no company assigned to it
Profile_files.csv,425,C:\e_drive\.temp\twc-radix-data/profiles/4290\27840,Profile [Radix: 4290 / NS: 4131] found but no company assigned to it
Profile_files.csv,426,C:\e_drive\.temp\twc-radix-data/profiles/4290\27841,Profile [Radix: 4290 / NS: 4131] found but no company assigned to it
Profile_files.csv,427,C:\e_drive\.temp\twc-radix-data/profiles/580\27872,Profile [Radix: 580 / NS: 586] found but no company assigned to it
Profile_files.csv,428,C:\e_drive\.temp\twc-radix-data/profiles/2788\27873,Profile [Radix: 2788 / NS: 2662] found but no company assigned to it
Profile_files.csv,429,C:\e_drive\.temp\twc-radix-data/profiles/4296\27902,Profile [Radix: 4296 / NS: 4137] found but no company assigned to it
Profile_files.csv,430,C:\e_drive\.temp\twc-radix-data/profiles/4296\27903,Profile [Radix: 4296 / NS: 4137] found but no company assigned to it
Profile_files.csv,431,C:\e_drive\.temp\twc-radix-data/profiles/4296\27904,Profile [Radix: 4296 / NS: 4137] found but no company assigned to it
Profile_files.csv,432,C:\e_drive\.temp\twc-radix-data/profiles/4296\27905,Profile [Radix: 4296 / NS: 4137] found but no company assigned to it
Profile_files.csv,433,C:\e_drive\.temp\twc-radix-data/profiles/3310\27906,twc file id: 4472
Profile_files.csv,434,C:\e_drive\.temp\twc-radix-data/profiles/3103\27907,Profile [Radix: 3103 / NS: 2965] found but no company assigned to it
Profile_files.csv,435,C:\e_drive\.temp\twc-radix-data/profiles/2574\27908,Profile [Radix: 2574 / NS: 2463] found but no company assigned to it
Profile_files.csv,436,C:\e_drive\.temp\twc-radix-data/profiles/3234\27949,twc file id: 4473
Profile_files.csv,437,C:\e_drive\.temp\twc-radix-data/profiles/3234\27950,twc file id: 4474
Profile_files.csv,438,C:\e_drive\.temp\twc-radix-data/profiles/3234\27955,twc file id: 4475
Profile_files.csv,439,C:\e_drive\.temp\twc-radix-data/profiles/4288\27972,Profile [Radix: 4288 / NS: 4129] found but no company assigned to it
Profile_files.csv,440,C:\e_drive\.temp\twc-radix-data/profiles/4288\27973,Profile [Radix: 4288 / NS: 4129] found but no company assigned to it
Profile_files.csv,441,C:\e_drive\.temp\twc-radix-data/profiles/4286\28012,Profile [Radix: 4286 / NS: 4127] found but no company assigned to it
Profile_files.csv,442,C:\e_drive\.temp\twc-radix-data/profiles/580\28013,Profile [Radix: 580 / NS: 586] found but no company assigned to it
Profile_files.csv,443,C:\e_drive\.temp\twc-radix-data/profiles/4106\28018,Profile [Radix: 4106 / NS: 3970] found but no company assigned to it
Profile_files.csv,444,C:\e_drive\.temp\twc-radix-data/profiles/3597\28040,Profile [Radix: 3597 / NS: 3470] found but no company assigned to it
Profile_files.csv,445,C:\e_drive\.temp\twc-radix-data/profiles/3597\28041,Profile [Radix: 3597 / NS: 3470] found but no company assigned to it
Profile_files.csv,446,C:\e_drive\.temp\twc-radix-data/profiles/3303\28045,Profile [Radix: 3303 / NS: 3159] found but no company assigned to it
Profile_files.csv,447,C:\e_drive\.temp\twc-radix-data/profiles/2908\28048,Profile [Radix: 2908 / NS: 2774] found but no company assigned to it
Profile_files.csv,448,C:\e_drive\.temp\twc-radix-data/profiles/2788\28049,Profile [Radix: 2788 / NS: 2662] found but no company assigned to it
Profile_files.csv,449,C:\e_drive\.temp\twc-radix-data/profiles/580\28050,Profile [Radix: 580 / NS: 586] found but no company assigned to it
Profile_files.csv,450,C:\e_drive\.temp\twc-radix-data/profiles/2409\28075,Profile [Radix: 2409 / NS: 2312] found but no company assigned to it
Profile_files.csv,451,C:\e_drive\.temp\twc-radix-data/profiles/2409\28076,Profile [Radix: 2409 / NS: 2312] found but no company assigned to it
Profile_files.csv,452,C:\e_drive\.temp\twc-radix-data/profiles/3550\28077,Profile [Radix: 3550 / NS: 3421] found but no company assigned to it
Profile_files.csv,453,C:\e_drive\.temp\twc-radix-data/profiles/3550\28078,Profile [Radix: 3550 / NS: 3421] found but no company assigned to it
Profile_files.csv,454,C:\e_drive\.temp\twc-radix-data/profiles/3560\28079,Profile [Radix: 3560 / NS: 3431] found but no company assigned to it
Profile_files.csv,455,C:\e_drive\.temp\twc-radix-data/profiles/3560\28080,Profile [Radix: 3560 / NS: 3431] found but no company assigned to it
Profile_files.csv,456,C:\e_drive\.temp\twc-radix-data/profiles/4170\28086,Profile [Radix: 4170 / NS: 4029] found but no company assigned to it
Profile_files.csv,457,C:\e_drive\.temp\twc-radix-data/profiles/4170\28087,Profile [Radix: 4170 / NS: 4029] found but no company assigned to it
Profile_files.csv,458,C:\e_drive\.temp\twc-radix-data/profiles/4170\28088,Profile [Radix: 4170 / NS: 4029] found but no company assigned to it
Profile_files.csv,459,C:\e_drive\.temp\twc-radix-data/profiles/4170\28089,Profile [Radix: 4170 / NS: 4029] found but no company assigned to it
Profile_files.csv,460,C:\e_drive\.temp\twc-radix-data/profiles/3596\28101,Profile [Radix: 3596 / NS: 3469] found but no company assigned to it
Profile_files.csv,461,C:\e_drive\.temp\twc-radix-data/profiles/3596\28102,Profile [Radix: 3596 / NS: 3469] found but no company assigned to it
Profile_files.csv,462,C:\e_drive\.temp\twc-radix-data/profiles/3530\28123,Profile [Radix: 3530 / NS: 3400] found but no company assigned to it
Profile_files.csv,463,C:\e_drive\.temp\twc-radix-data/profiles/3530\28124,Profile [Radix: 3530 / NS: 3400] found but no company assigned to it
Profile_files.csv,464,C:\e_drive\.temp\twc-radix-data/profiles/704\28125,Profile [Radix: 704 / NS: 710] found but no company assigned to it
Profile_files.csv,465,C:\e_drive\.temp\twc-radix-data/profiles/704\28126,Profile [Radix: 704 / NS: 710] found but no company assigned to it
Profile_files.csv,466,C:\e_drive\.temp\twc-radix-data/profiles/3484\28127,Profile [Radix: 3484 / NS: 3350] found but no company assigned to it
Profile_files.csv,467,C:\e_drive\.temp\twc-radix-data/profiles/3484\28128,Profile [Radix: 3484 / NS: 3350] found but no company assigned to it
Profile_files.csv,468,C:\e_drive\.temp\twc-radix-data/profiles/152\28129,Profile [Radix: 152 / NS: 155] found but no company assigned to it
Profile_files.csv,469,C:\e_drive\.temp\twc-radix-data/profiles/3294\28140,Profile [Radix: 3294 / NS: 3150] found but no company assigned to it
Profile_files.csv,470,C:\e_drive\.temp\twc-radix-data/profiles/4284\28142,Profile [Radix: 4284 / NS: 4125] found but no company assigned to it
Profile_files.csv,471,C:\e_drive\.temp\twc-radix-data/profiles/118\28146,Profile [Radix: 118 / NS: 121] found but no company assigned to it
Profile_files.csv,472,C:\e_drive\.temp\twc-radix-data/profiles/4106\28149,Profile [Radix: 4106 / NS: 3970] found but no company assigned to it
Profile_files.csv,473,C:\e_drive\.temp\twc-radix-data/profiles/4106\28150,Profile [Radix: 4106 / NS: 3970] found but no company assigned to it
Profile_files.csv,474,C:\e_drive\.temp\twc-radix-data/profiles/2978\28156,Profile [Radix: 2978 / NS: 2842] found but no company assigned to it
Profile_files.csv,475,C:\e_drive\.temp\twc-radix-data/profiles/2978\28157,Profile [Radix: 2978 / NS: 2842] found but no company assigned to it
Profile_files.csv,476,C:\e_drive\.temp\twc-radix-data/profiles/3568\28163,Profile [Radix: 3568 / NS: 3440] found but no company assigned to it
Profile_files.csv,477,C:\e_drive\.temp\twc-radix-data/profiles/3568\28164,Profile [Radix: 3568 / NS: 3440] found but no company assigned to it
Profile_files.csv,478,C:\e_drive\.temp\twc-radix-data/profiles/820\28165,Profile [Radix: 820 / NS: 826] found but no company assigned to it
Profile_files.csv,479,C:\e_drive\.temp\twc-radix-data/profiles/820\28166,Profile [Radix: 820 / NS: 826] found but no company assigned to it
Profile_files.csv,480,C:\e_drive\.temp\twc-radix-data/profiles/4194\28173,Profile [Radix: 4194 / NS: 4053] found but no company assigned to it
Profile_files.csv,481,C:\e_drive\.temp\twc-radix-data/profiles/4194\28174,Profile [Radix: 4194 / NS: 4053] found but no company assigned to it
Profile_files.csv,482,C:\e_drive\.temp\twc-radix-data/profiles/4138\28175,Profile [Radix: 4138 / NS: 4000] found but no company assigned to it
Profile_files.csv,483,C:\e_drive\.temp\twc-radix-data/profiles/4138\28176,Profile [Radix: 4138 / NS: 4000] found but no company assigned to it
Profile_files.csv,484,C:\e_drive\.temp\twc-radix-data/profiles/4139\28177,Profile [Radix: 4139 / NS: 4001] found but no company assigned to it
Profile_files.csv,485,C:\e_drive\.temp\twc-radix-data/profiles/4304\28178,Profile [Radix: 4304 / NS: 4048] found but no company assigned to it
Profile_files.csv,486,C:\e_drive\.temp\twc-radix-data/profiles/4304\28179,Profile [Radix: 4304 / NS: 4048] found but no company assigned to it
Profile_files.csv,487,C:\e_drive\.temp\twc-radix-data/profiles/218\28180,Profile [Radix: 218 / NS: 222] found but no company assigned to it
Profile_files.csv,488,C:\e_drive\.temp\twc-radix-data/profiles/218\28181,Profile [Radix: 218 / NS: 222] found but no company assigned to it
Profile_files.csv,489,C:\e_drive\.temp\twc-radix-data/profiles/26\28182,Profile [Radix: 26 / NS: 26] found but no company assigned to it
Profile_files.csv,490,C:\e_drive\.temp\twc-radix-data/profiles/4304\28187,Profile [Radix: 4304 / NS: 4048] found but no company assigned to it
Profile_files.csv,491,C:\e_drive\.temp\twc-radix-data/profiles/1974\28190,Profile [Radix: 1974 / NS: 1908] found but no company assigned to it
Profile_files.csv,492,C:\e_drive\.temp\twc-radix-data/profiles/1974\28191,Profile [Radix: 1974 / NS: 1908] found but no company assigned to it
Profile_files.csv,493,C:\e_drive\.temp\twc-radix-data/profiles/1974\28192,Profile [Radix: 1974 / NS: 1908] found but no company assigned to it
Profile_files.csv,494,C:\e_drive\.temp\twc-radix-data/profiles/3308\28212,Profile [Radix: 3308 / NS: 3164] found but no company assigned to it
Profile_files.csv,495,C:\e_drive\.temp\twc-radix-data/profiles/3908\28213,No Radif File record found for ID: 28213
Profile_files.csv,496,C:\e_drive\.temp\twc-radix-data/profiles/3269\28232,No Radif File record found for ID: 28232
Profile_files.csv,497,C:\e_drive\.temp\twc-radix-data/profiles/3761\28234,No Radif File record found for ID: 28234
Profile_files.csv,498,C:\e_drive\.temp\twc-radix-data/profiles/3761\28235,No Radif File record found for ID: 28235
Profile_files.csv,499,C:\e_drive\.temp\twc-radix-data/profiles/3766\28236,No Radif File record found for ID: 28236
Profile_files.csv,500,C:\e_drive\.temp\twc-radix-data/profiles/3766\28237,No Radif File record found for ID: 28237
Profile_files.csv,501,C:\e_drive\.temp\twc-radix-data/profiles/759\28238,No Radif File record found for ID: 28238
Profile_files.csv,502,C:\e_drive\.temp\twc-radix-data/profiles/118\28240,No Radif File record found for ID: 28240
Profile_files.csv,503,C:\e_drive\.temp\twc-radix-data/profiles/118\28241,No Radif File record found for ID: 28241
Profile_files.csv,504,C:\e_drive\.temp\twc-radix-data/profiles/4192\28251,No Radif File record found for ID: 28251
Profile_files.csv,505,C:\e_drive\.temp\twc-radix-data/profiles/4192\28252,No Radif File record found for ID: 28252
Profile_files.csv,506,C:\e_drive\.temp\twc-radix-data/profiles/4231\28254,No Radif File record found for ID: 28254
Profile_files.csv,507,C:\e_drive\.temp\twc-radix-data/profiles/1546\28255,No Radif File record found for ID: 28255
Profile_files.csv,508,C:\e_drive\.temp\twc-radix-data/profiles/1546\28256,No Radif File record found for ID: 28256
Profile_files.csv,509,C:\e_drive\.temp\twc-radix-data/profiles/3664\28257,No Radif File record found for ID: 28257
Profile_files.csv,510,C:\e_drive\.temp\twc-radix-data/profiles/3664\28258,No Radif File record found for ID: 28258
Profile_files.csv,511,C:\e_drive\.temp\twc-radix-data/profiles/500\28259,No Radif File record found for ID: 28259
Profile_files.csv,512,C:\e_drive\.temp\twc-radix-data/profiles/500\28260,No Radif File record found for ID: 28260
Profile_files.csv,513,C:\e_drive\.temp\twc-radix-data/profiles/500\28261,No Radif File record found for ID: 28261
Profile_files.csv,514,C:\e_drive\.temp\twc-radix-data/profiles/3480\28270,No Radif File record found for ID: 28270
Profile_files.csv,515,C:\e_drive\.temp\twc-radix-data/profiles/3480\28271,No Radif File record found for ID: 28271
Profile_files.csv,516,C:\e_drive\.temp\twc-radix-data/profiles/3586\28272,No Radif File record found for ID: 28272
Profile_files.csv,517,C:\e_drive\.temp\twc-radix-data/profiles/3586\28273,No Radif File record found for ID: 28273
Profile_files.csv,518,C:\e_drive\.temp\twc-radix-data/profiles/915\28278,No Radif File record found for ID: 28278
Profile_files.csv,519,C:\e_drive\.temp\twc-radix-data/profiles/915\28279,No Radif File record found for ID: 28279
Profile_files.csv,520,C:\e_drive\.temp\twc-radix-data/profiles/3269\28287,No Radif File record found for ID: 28287
Profile_files.csv,521,C:\e_drive\.temp\twc-radix-data/profiles/3269\28288,No Radif File record found for ID: 28288
Profile_files.csv,522,C:\e_drive\.temp\twc-radix-data/profiles/3269\28289,No Radif File record found for ID: 28289
Profile_files.csv,523,C:\e_drive\.temp\twc-radix-data/profiles/3927\28290,No Radif File record found for ID: 28290
Profile_files.csv,524,C:\e_drive\.temp\twc-radix-data/profiles/3927\28291,No Radif File record found for ID: 28291
Profile_files.csv,525,C:\e_drive\.temp\twc-radix-data/profiles/3927\28292,No Radif File record found for ID: 28292
Profile_files.csv,526,C:\e_drive\.temp\twc-radix-data/profiles/3077\28300,No Radif File record found for ID: 28300
Profile_files.csv,527,C:\e_drive\.temp\twc-radix-data/profiles/2858\28301,No Radif File record found for ID: 28301
Profile_files.csv,528,C:\e_drive\.temp\twc-radix-data/profiles/2580\28302,No Radif File record found for ID: 28302
Profile_files.csv,529,C:\e_drive\.temp\twc-radix-data/profiles/3733\28334,No Radif File record found for ID: 28334
Profile_files.csv,530,C:\e_drive\.temp\twc-radix-data/profiles/3733\28335,No Radif File record found for ID: 28335
Profile_files.csv,531,C:\e_drive\.temp\twc-radix-data/profiles/4313\28339,No Radif File record found for ID: 28339
Profile_files.csv,532,C:\e_drive\.temp\twc-radix-data/profiles/4313\28340,No Radif File record found for ID: 28340
Profile_files.csv,533,C:\e_drive\.temp\twc-radix-data/profiles/4248\28347,No Radif File record found for ID: 28347
Profile_files.csv,534,C:\e_drive\.temp\twc-radix-data/profiles/4248\28348,No Radif File record found for ID: 28348
Profile_files.csv,535,C:\e_drive\.temp\twc-radix-data/profiles/720\28350,No Radif File record found for ID: 28350
Profile_files.csv,536,C:\e_drive\.temp\twc-radix-data/profiles/720\28351,No Radif File record found for ID: 28351
Profile_files.csv,537,C:\e_drive\.temp\twc-radix-data/profiles/801\28352,No Radif File record found for ID: 28352
Profile_files.csv,538,C:\e_drive\.temp\twc-radix-data/profiles/801\28353,No Radif File record found for ID: 28353
Profile_files.csv,539,C:\e_drive\.temp\twc-radix-data/profiles/2087\28354,No Radif File record found for ID: 28354
Profile_files.csv,540,C:\e_drive\.temp\twc-radix-data/profiles/2087\28355,No Radif File record found for ID: 28355
Profile_files.csv,541,C:\e_drive\.temp\twc-radix-data/profiles/3987\28356,No Radif File record found for ID: 28356
Profile_files.csv,542,C:\e_drive\.temp\twc-radix-data/profiles/3987\28357,No Radif File record found for ID: 28357
Profile_files.csv,543,C:\e_drive\.temp\twc-radix-data/profiles/809\28358,No Radif File record found for ID: 28358
Profile_files.csv,544,C:\e_drive\.temp\twc-radix-data/profiles/809\28359,No Radif File record found for ID: 28359
Profile_files.csv,545,C:\e_drive\.temp\twc-radix-data/profiles/3578\28360,No Radif File record found for ID: 28360
Profile_files.csv,546,C:\e_drive\.temp\twc-radix-data/profiles/3578\28361,No Radif File record found for ID: 28361
Profile_files.csv,547,C:\e_drive\.temp\twc-radix-data/profiles/3804\28362,No Radif File record found for ID: 28362
Profile_files.csv,548,C:\e_drive\.temp\twc-radix-data/profiles/3804\28363,No Radif File record found for ID: 28363
Profile_files.csv,549,C:\e_drive\.temp\twc-radix-data/profiles/2289\28364,No Radif File record found for ID: 28364
Profile_files.csv,550,C:\e_drive\.temp\twc-radix-data/profiles/2289\28365,No Radif File record found for ID: 28365
Profile_files.csv,551,C:\e_drive\.temp\twc-radix-data/profiles/3908\28366,No Radif File record found for ID: 28366
Profile_files.csv,552,C:\e_drive\.temp\twc-radix-data/profiles/774\28367,No Radif File record found for ID: 28367
Profile_files.csv,553,C:\e_drive\.temp\twc-radix-data/profiles/774\28368,No Radif File record found for ID: 28368
Profile_files.csv,554,C:\e_drive\.temp\twc-radix-data/profiles/4316\28371,No Radif File record found for ID: 28371
Profile_files.csv,555,C:\e_drive\.temp\twc-radix-data/profiles/4316\28372,No Radif File record found for ID: 28372
Profile_files.csv,556,C:\e_drive\.temp\twc-radix-data/profiles/2904\28403,No Radif File record found for ID: 28403
Profile_files.csv,557,C:\e_drive\.temp\twc-radix-data/profiles/2904\28404,No Radif File record found for ID: 28404
Profile_files.csv,558,C:\e_drive\.temp\twc-radix-data/profiles/1548\28405,No Radif File record found for ID: 28405
Profile_files.csv,559,C:\e_drive\.temp\twc-radix-data/profiles/1548\28406,No Radif File record found for ID: 28406
Profile_files.csv,560,C:\e_drive\.temp\twc-radix-data/profiles/3546\28424,No Radif File record found for ID: 28424
Profile_files.csv,561,C:\e_drive\.temp\twc-radix-data/profiles/3546\28425,No Radif File record found for ID: 28425
Profile_files.csv,562,C:\e_drive\.temp\twc-radix-data/profiles/4320\28449,No Radif File record found for ID: 28449
Profile_files.csv,563,C:\e_drive\.temp\twc-radix-data/profiles/4208\28457,No Radif File record found for ID: 28457
Profile_files.csv,564,C:\e_drive\.temp\twc-radix-data/profiles/4208\28458,No Radif File record found for ID: 28458
Profile_files.csv,565,C:\e_drive\.temp\twc-radix-data/profiles/3624\28466,No Radif File record found for ID: 28466
Profile_files.csv,566,C:\e_drive\.temp\twc-radix-data/profiles/2575\28485,No Radif File record found for ID: 28485
Profile_files.csv,567,C:\e_drive\.temp\twc-radix-data/profiles/2575\28486,No Radif File record found for ID: 28486
Profile_files.csv,568,C:\e_drive\.temp\twc-radix-data/profiles/4224\28492,No Radif File record found for ID: 28492
Profile_files.csv,569,C:\e_drive\.temp\twc-radix-data/profiles/4224\28493,No Radif File record found for ID: 28493
Profile_files.csv,570,C:\e_drive\.temp\twc-radix-data/profiles/4240\28494,No Radif File record found for ID: 28494
Profile_files.csv,571,C:\e_drive\.temp\twc-radix-data/profiles/4240\28495,No Radif File record found for ID: 28495
Profile_files.csv,572,C:\e_drive\.temp\twc-radix-data/profiles/4239\28496,No Radif File record found for ID: 28496
Profile_files.csv,573,C:\e_drive\.temp\twc-radix-data/profiles/4239\28497,No Radif File record found for ID: 28497
Profile_files.csv,574,C:\e_drive\.temp\twc-radix-data/profiles/4240\28498,No Radif File record found for ID: 28498
Profile_files.csv,575,C:\e_drive\.temp\twc-radix-data/profiles/4243\28504,No Radif File record found for ID: 28504
Profile_files.csv,576,C:\e_drive\.temp\twc-radix-data/profiles/4243\28505,No Radif File record found for ID: 28505
Profile_files.csv,577,C:\e_drive\.temp\twc-radix-data/profiles/3135\28507,No Radif File record found for ID: 28507
Profile_files.csv,578,C:\e_drive\.temp\twc-radix-data/profiles/3954\28512,No Radif File record found for ID: 28512
Profile_files.csv,579,C:\e_drive\.temp\twc-radix-data/profiles/3954\28513,No Radif File record found for ID: 28513
Profile_files.csv,580,C:\e_drive\.temp\twc-radix-data/profiles/3953\28514,No Radif File record found for ID: 28514
Profile_files.csv,581,C:\e_drive\.temp\twc-radix-data/profiles/3953\28515,No Radif File record found for ID: 28515
Profile_files.csv,582,C:\e_drive\.temp\twc-radix-data/profiles/3953\28516,No Radif File record found for ID: 28516
Profile_files.csv,583,C:\e_drive\.temp\twc-radix-data/profiles/621\28524,No Radif File record found for ID: 28524
Profile_files.csv,584,C:\e_drive\.temp\twc-radix-data/profiles/621\28525,No Radif File record found for ID: 28525
Profile_files.csv,585,C:\e_drive\.temp\twc-radix-data/profiles/621\28526,No Radif File record found for ID: 28526
Profile_files.csv,586,C:\e_drive\.temp\twc-radix-data/profiles/621\28529,No Radif File record found for ID: 28529
Profile_files.csv,587,C:\e_drive\.temp\twc-radix-data/profiles/4189\28539,No Radif File record found for ID: 28539
Profile_files.csv,588,C:\e_drive\.temp\twc-radix-data/profiles/3986\28563,No Radif File record found for ID: 28563
Profile_files.csv,589,C:\e_drive\.temp\twc-radix-data/profiles/3986\28564,No Radif File record found for ID: 28564
Profile_files.csv,590,C:\e_drive\.temp\twc-radix-data/profiles/4031\28565,No Radif File record found for ID: 28565
Profile_files.csv,591,C:\e_drive\.temp\twc-radix-data/profiles/3907\28566,No Radif File record found for ID: 28566
Profile_files.csv,592,C:\e_drive\.temp\twc-radix-data/profiles/2858\28567,No Radif File record found for ID: 28567
Profile_files.csv,593,C:\e_drive\.temp\twc-radix-data/profiles/2858\28568,No Radif File record found for ID: 28568
Profile_files.csv,594,C:\e_drive\.temp\twc-radix-data/profiles/3895\28571,No Radif File record found for ID: 28571
Profile_files.csv,595,C:\e_drive\.temp\twc-radix-data/profiles/3895\28572,No Radif File record found for ID: 28572
Profile_files.csv,596,C:\e_drive\.temp\twc-radix-data/profiles/3907\28573,No Radif File record found for ID: 28573
Profile_files.csv,597,C:\e_drive\.temp\twc-radix-data/profiles/3907\28574,No Radif File record found for ID: 28574
Profile_files.csv,598,C:\e_drive\.temp\twc-radix-data/profiles/813\28575,No Radif File record found for ID: 28575
Profile_files.csv,599,C:\e_drive\.temp\twc-radix-data/profiles/813\28576,No Radif File record found for ID: 28576
Profile_files.csv,600,C:\e_drive\.temp\twc-radix-data/profiles/813\28578,No Radif File record found for ID: 28578
Profile_files.csv,601,C:\e_drive\.temp\twc-radix-data/profiles/3303\28581,No Radif File record found for ID: 28581
Profile_files.csv,602,C:\e_drive\.temp\twc-radix-data/profiles/4210\28584,No Radif File record found for ID: 28584
Profile_files.csv,603,C:\e_drive\.temp\twc-radix-data/profiles/4210\28585,No Radif File record found for ID: 28585
Profile_files.csv,604,C:\e_drive\.temp\twc-radix-data/profiles/3763\28586,No Radif File record found for ID: 28586
Profile_files.csv,605,C:\e_drive\.temp\twc-radix-data/profiles/3763\28587,No Radif File record found for ID: 28587
Profile_files.csv,606,C:\e_drive\.temp\twc-radix-data/profiles/2978\28617,No Radif File record found for ID: 28617
Profile_files.csv,607,C:\e_drive\.temp\twc-radix-data/profiles/88\28618,No Radif File record found for ID: 28618
Profile_files.csv,608,C:\e_drive\.temp\twc-radix-data/profiles/2941\28619,No Radif File record found for ID: 28619
Profile_files.csv,609,C:\e_drive\.temp\twc-radix-data/profiles/774\28620,No Radif File record found for ID: 28620
Profile_files.csv,610,C:\e_drive\.temp\twc-radix-data/profiles/2904\28621,No Radif File record found for ID: 28621
Profile_files.csv,611,C:\e_drive\.temp\twc-radix-data/profiles/239\28622,No Radif File record found for ID: 28622
Profile_files.csv,612,C:\e_drive\.temp\twc-radix-data/profiles/3122\28623,No Radif File record found for ID: 28623
Profile_files.csv,613,C:\e_drive\.temp\twc-radix-data/profiles/244\28624,No Radif File record found for ID: 28624
Profile_files.csv,614,C:\e_drive\.temp\twc-radix-data/profiles/3266\28628,No Radif File record found for ID: 28628
Profile_files.csv,615,C:\e_drive\.temp\twc-radix-data/profiles/3266\28629,No Radif File record found for ID: 28629
Profile_files.csv,616,C:\e_drive\.temp\twc-radix-data/profiles/3467\28632,No Radif File record found for ID: 28632
Profile_files.csv,617,C:\e_drive\.temp\twc-radix-data/profiles/3467\28633,No Radif File record found for ID: 28633
Profile_files.csv,618,C:\e_drive\.temp\twc-radix-data/profiles/100\28636,No Radif File record found for ID: 28636
Profile_files.csv,619,C:\e_drive\.temp\twc-radix-data/profiles/4242\28656,No Radif File record found for ID: 28656
Profile_files.csv,620,C:\e_drive\.temp\twc-radix-data/profiles/4242\28657,No Radif File record found for ID: 28657
Profile_files.csv,621,C:\e_drive\.temp\twc-radix-data/profiles/4092\28658,No Radif File record found for ID: 28658
Profile_files.csv,622,C:\e_drive\.temp\twc-radix-data/profiles/4092\28659,No Radif File record found for ID: 28659
Profile_files.csv,623,C:\e_drive\.temp\twc-radix-data/profiles/3850\28660,No Radif File record found for ID: 28660
Profile_files.csv,624,C:\e_drive\.temp\twc-radix-data/profiles/3850\28661,No Radif File record found for ID: 28661
Profile_files.csv,625,C:\e_drive\.temp\twc-radix-data/profiles/4057\28662,No Radif File record found for ID: 28662
Profile_files.csv,626,C:\e_drive\.temp\twc-radix-data/profiles/4057\28663,No Radif File record found for ID: 28663
Profile_files.csv,627,C:\e_drive\.temp\twc-radix-data/profiles/3984\28665,No Radif File record found for ID: 28665
Profile_files.csv,628,C:\e_drive\.temp\twc-radix-data/profiles/3133\28668,No Radif File record found for ID: 28668
Profile_files.csv,629,C:\e_drive\.temp\twc-radix-data/profiles/4196\28669,No Radif File record found for ID: 28669
Profile_files.csv,630,C:\e_drive\.temp\twc-radix-data/profiles/4196\28670,No Radif File record found for ID: 28670
Profile_files.csv,631,C:\e_drive\.temp\twc-radix-data/profiles/4282\28671,No Radif File record found for ID: 28671
Profile_files.csv,632,C:\e_drive\.temp\twc-radix-data/profiles/4282\28672,No Radif File record found for ID: 28672
Profile_files.csv,633,C:\e_drive\.temp\twc-radix-data/profiles/4195\28673,No Radif File record found for ID: 28673
Profile_files.csv,634,C:\e_drive\.temp\twc-radix-data/profiles/4195\28674,No Radif File record found for ID: 28674
Profile_files.csv,635,C:\e_drive\.temp\twc-radix-data/profiles/3053\28675,No Radif File record found for ID: 28675
Profile_files.csv,636,C:\e_drive\.temp\twc-radix-data/profiles/3053\28676,No Radif File record found for ID: 28676
Profile_files.csv,637,C:\e_drive\.temp\twc-radix-data/profiles/3053\28678,No Radif File record found for ID: 28678
Profile_files.csv,638,C:\e_drive\.temp\twc-radix-data/profiles/4304\28679,No Radif File record found for ID: 28679
Profile_files.csv,639,C:\e_drive\.temp\twc-radix-data/profiles/4327\28683,No Radif File record found for ID: 28683
Profile_files.csv,640,C:\e_drive\.temp\twc-radix-data/profiles/4327\28685,No Radif File record found for ID: 28685
Profile_files.csv,641,C:\e_drive\.temp\twc-radix-data/profiles/4327\28686,No Radif File record found for ID: 28686
Profile_files.csv,642,C:\e_drive\.temp\twc-radix-data/profiles/4328\28709,No Radif File record found for ID: 28709
Profile_files.csv,643,C:\e_drive\.temp\twc-radix-data/profiles/4328\28710,No Radif File record found for ID: 28710
Profile_files.csv,644,C:\e_drive\.temp\twc-radix-data/profiles/4328\28711,No Radif File record found for ID: 28711
Profile_files.csv,645,C:\e_drive\.temp\twc-radix-data/profiles/4144\28714,No Radif File record found for ID: 28714
Profile_files.csv,646,C:\e_drive\.temp\twc-radix-data/profiles/4144\28715,No Radif File record found for ID: 28715
Profile_files.csv,647,C:\e_drive\.temp\twc-radix-data/profiles/1865\28716,No Radif File record found for ID: 28716
Profile_files.csv,648,C:\e_drive\.temp\twc-radix-data/profiles/1865\28717,No Radif File record found for ID: 28717
Profile_files.csv,649,C:\e_drive\.temp\twc-radix-data/profiles/3115\28718,No Radif File record found for ID: 28718
Profile_files.csv,650,C:\e_drive\.temp\twc-radix-data/profiles/3115\28719,No Radif File record found for ID: 28719
Profile_files.csv,651,C:\e_drive\.temp\twc-radix-data/profiles/3044\28723,No Radif File record found for ID: 28723
Profile_files.csv,652,C:\e_drive\.temp\twc-radix-data/profiles/3044\28724,No Radif File record found for ID: 28724
Profile_files.csv,653,C:\e_drive\.temp\twc-radix-data/profiles/4024\28725,No Radif File record found for ID: 28725
Profile_files.csv,654,C:\e_drive\.temp\twc-radix-data/profiles/4024\28726,No Radif File record found for ID: 28726
Profile_files.csv,655,C:\e_drive\.temp\twc-radix-data/profiles/3515\28727,No Radif File record found for ID: 28727
Profile_files.csv,656,C:\e_drive\.temp\twc-radix-data/profiles/4252\28728,No Radif File record found for ID: 28728
Profile_files.csv,657,C:\e_drive\.temp\twc-radix-data/profiles/4252\28729,No Radif File record found for ID: 28729
Profile_files.csv,658,C:\e_drive\.temp\twc-radix-data/profiles/3908\28730,No Radif File record found for ID: 28730
Profile_files.csv,659,C:\e_drive\.temp\twc-radix-data/profiles/3908\28731,No Radif File record found for ID: 28731
Profile_files.csv,660,C:\e_drive\.temp\twc-radix-data/profiles/4283\28733,No Radif File record found for ID: 28733
Profile_files.csv,661,C:\e_drive\.temp\twc-radix-data/profiles/4283\28734,No Radif File record found for ID: 28734
Profile_files.csv,662,C:\e_drive\.temp\twc-radix-data/profiles/3040\28735,No Radif File record found for ID: 28735
Profile_files.csv,663,C:\e_drive\.temp\twc-radix-data/profiles/3040\28736,No Radif File record found for ID: 28736
Profile_files.csv,664,C:\e_drive\.temp\twc-radix-data/profiles/4031\28738,No Radif File record found for ID: 28738
Profile_files.csv,665,C:\e_drive\.temp\twc-radix-data/profiles/4031\28739,No Radif File record found for ID: 28739
Profile_files.csv,666,C:\e_drive\.temp\twc-radix-data/profiles/291\28740,No Radif File record found for ID: 28740
Profile_files.csv,667,C:\e_drive\.temp\twc-radix-data/profiles/291\28741,No Radif File record found for ID: 28741
Profile_files.csv,668,C:\e_drive\.temp\twc-radix-data/profiles/2497\28742,No Radif File record found for ID: 28742
Profile_files.csv,669,C:\e_drive\.temp\twc-radix-data/profiles/2497\28743,No Radif File record found for ID: 28743
Profile_files.csv,670,C:\e_drive\.temp\twc-radix-data/profiles/157\28744,No Radif File record found for ID: 28744
Profile_files.csv,671,C:\e_drive\.temp\twc-radix-data/profiles/157\28745,No Radif File record found for ID: 28745
Profile_files.csv,672,C:\e_drive\.temp\twc-radix-data/profiles/3853\28746,No Radif File record found for ID: 28746
Profile_files.csv,673,C:\e_drive\.temp\twc-radix-data/profiles/3853\28747,No Radif File record found for ID: 28747
Profile_files.csv,674,C:\e_drive\.temp\twc-radix-data/profiles/4058\28748,No Radif File record found for ID: 28748
Profile_files.csv,675,C:\e_drive\.temp\twc-radix-data/profiles/4058\28749,No Radif File record found for ID: 28749
Profile_files.csv,676,C:\e_drive\.temp\twc-radix-data/profiles/4033\28750,No Radif File record found for ID: 28750
Profile_files.csv,677,C:\e_drive\.temp\twc-radix-data/profiles/4033\28751,No Radif File record found for ID: 28751
Profile_files.csv,678,C:\e_drive\.temp\twc-radix-data/profiles/3841\28752,No Radif File record found for ID: 28752
Profile_files.csv,679,C:\e_drive\.temp\twc-radix-data/profiles/3841\28753,No Radif File record found for ID: 28753
Profile_files.csv,680,C:\e_drive\.temp\twc-radix-data/profiles/1536\28757,No Radif File record found for ID: 28757
Profile_files.csv,681,C:\e_drive\.temp\twc-radix-data/profiles/1536\28758,No Radif File record found for ID: 28758
Profile_files.csv,682,C:\e_drive\.temp\twc-radix-data/profiles/160\28759,No Radif File record found for ID: 28759
Profile_files.csv,683,C:\e_drive\.temp\twc-radix-data/profiles/160\28760,No Radif File record found for ID: 28760
Profile_files.csv,684,C:\e_drive\.temp\twc-radix-data/profiles/1985\28761,No Radif File record found for ID: 28761
Profile_files.csv,685,C:\e_drive\.temp\twc-radix-data/profiles/1985\28762,No Radif File record found for ID: 28762
Profile_files.csv,686,C:\e_drive\.temp\twc-radix-data/profiles/1548\28790,No Radif File record found for ID: 28790
Profile_files.csv,687,C:\e_drive\.temp\twc-radix-data/profiles/4330\28794,No Radif File record found for ID: 28794
Profile_files.csv,688,C:\e_drive\.temp\twc-radix-data/profiles/4330\28795,No Radif File record found for ID: 28795
Profile_files.csv,689,C:\e_drive\.temp\twc-radix-data/profiles/4330\28796,No Radif File record found for ID: 28796
Profile_files.csv,690,C:\e_drive\.temp\twc-radix-data/profiles/4330\28797,No Radif File record found for ID: 28797
Profile_files.csv,691,C:\e_drive\.temp\twc-radix-data/profiles/4328\28799,No Radif File record found for ID: 28799
Profile_files.csv,692,C:\e_drive\.temp\twc-radix-data/profiles/2698\28809,No Radif File record found for ID: 28809
Profile_files.csv,693,C:\e_drive\.temp\twc-radix-data/profiles/2698\28810,No Radif File record found for ID: 28810
Profile_files.csv,694,C:\e_drive\.temp\twc-radix-data/profiles/3271\28811,No Radif File record found for ID: 28811
Profile_files.csv,695,C:\e_drive\.temp\twc-radix-data/profiles/3271\28812,No Radif File record found for ID: 28812
Profile_files.csv,696,C:\e_drive\.temp\twc-radix-data/profiles/1873\28815,No Radif File record found for ID: 28815
Profile_files.csv,697,C:\e_drive\.temp\twc-radix-data/profiles/1873\28816,No Radif File record found for ID: 28816
Profile_files.csv,698,C:\e_drive\.temp\twc-radix-data/profiles/3294\28817,No Radif File record found for ID: 28817
Profile_files.csv,699,C:\e_drive\.temp\twc-radix-data/profiles/3294\28818,No Radif File record found for ID: 28818
Profile_files.csv,700,C:\e_drive\.temp\twc-radix-data/profiles/4084\28848,No Radif File record found for ID: 28848
Profile_files.csv,701,C:\e_drive\.temp\twc-radix-data/profiles/4084\28849,No Radif File record found for ID: 28849
Profile_files.csv,702,C:\e_drive\.temp\twc-radix-data/profiles/3258\28850,No Radif File record found for ID: 28850
Profile_files.csv,703,C:\e_drive\.temp\twc-radix-data/profiles/3358\28851,No Radif File record found for ID: 28851
Profile_files.csv,704,C:\e_drive\.temp\twc-radix-data/profiles/3284\28852,No Radif File record found for ID: 28852
Profile_files.csv,705,C:\e_drive\.temp\twc-radix-data/profiles/3284\28853,No Radif File record found for ID: 28853
Profile_files.csv,706,C:\e_drive\.temp\twc-radix-data/profiles/4015\28854,No Radif File record found for ID: 28854
Profile_files.csv,707,C:\e_drive\.temp\twc-radix-data/profiles/4015\28855,No Radif File record found for ID: 28855
Profile_files.csv,708,C:\e_drive\.temp\twc-radix-data/profiles/3854\28856,No Radif File record found for ID: 28856
Profile_files.csv,709,C:\e_drive\.temp\twc-radix-data/profiles/3854\28857,No Radif File record found for ID: 28857
Profile_files.csv,710,C:\e_drive\.temp\twc-radix-data/profiles/4092\28858,No Radif File record found for ID: 28858
Profile_files.csv,711,C:\e_drive\.temp\twc-radix-data/profiles/3284\28859,No Radif File record found for ID: 28859
Profile_files.csv,712,C:\e_drive\.temp\twc-radix-data/profiles/3284\28860,No Radif File record found for ID: 28860
Profile_files.csv,713,C:\e_drive\.temp\twc-radix-data/profiles/4333\28865,No Radif File record found for ID: 28865
Profile_files.csv,714,C:\e_drive\.temp\twc-radix-data/profiles/4333\28866,No Radif File record found for ID: 28866
Profile_files.csv,715,C:\e_drive\.temp\twc-radix-data/profiles/2397\28886,No Radif File record found for ID: 28886
Profile_files.csv,716,C:\e_drive\.temp\twc-radix-data/profiles/3133\28887,No Radif File record found for ID: 28887
Profile_files.csv,717,C:\e_drive\.temp\twc-radix-data/profiles/653\28888,No Radif File record found for ID: 28888
Profile_files.csv,718,C:\e_drive\.temp\twc-radix-data/profiles/457\28889,No Radif File record found for ID: 28889
Profile_files.csv,719,C:\e_drive\.temp\twc-radix-data/profiles/2409\28890,No Radif File record found for ID: 28890
Profile_files.csv,720,C:\e_drive\.temp\twc-radix-data/profiles/3394\28891,No Radif File record found for ID: 28891
Profile_files.csv,721,C:\e_drive\.temp\twc-radix-data/profiles/3375\28892,No Radif File record found for ID: 28892
Profile_files.csv,722,C:\e_drive\.temp\twc-radix-data/profiles/3406\28893,No Radif File record found for ID: 28893
Profile_files.csv,723,C:\e_drive\.temp\twc-radix-data/profiles/1873\28896,No Radif File record found for ID: 28896
Profile_files.csv,724,C:\e_drive\.temp\twc-radix-data/profiles/3961\28898,No Radif File record found for ID: 28898
Profile_files.csv,725,C:\e_drive\.temp\twc-radix-data/profiles/3345\28906,No Radif File record found for ID: 28906
Profile_files.csv,726,C:\e_drive\.temp\twc-radix-data/profiles/3345\28907,No Radif File record found for ID: 28907
Profile_files.csv,727,C:\e_drive\.temp\twc-radix-data/profiles/4183\28921,No Radif File record found for ID: 28921
Profile_files.csv,728,C:\e_drive\.temp\twc-radix-data/profiles/4183\28922,No Radif File record found for ID: 28922
Profile_files.csv,729,C:\e_drive\.temp\twc-radix-data/profiles/4064\28924,No Radif File record found for ID: 28924
Profile_files.csv,730,C:\e_drive\.temp\twc-radix-data/profiles/4064\28925,No Radif File record found for ID: 28925
Profile_files.csv,731,C:\e_drive\.temp\twc-radix-data/profiles/4242\28938,No Radif File record found for ID: 28938
Profile_files.csv,732,C:\e_drive\.temp\twc-radix-data/profiles/4241\28939,No Radif File record found for ID: 28939
Profile_files.csv,733,C:\e_drive\.temp\twc-radix-data/profiles/3915\28942,No Radif File record found for ID: 28942
Profile_files.csv,734,C:\e_drive\.temp\twc-radix-data/profiles/3375\28943,No Radif File record found for ID: 28943
Profile_files.csv,735,C:\e_drive\.temp\twc-radix-data/profiles/3375\28944,No Radif File record found for ID: 28944
Profile_files.csv,736,C:\e_drive\.temp\twc-radix-data/profiles/4337\28945,No Radif File record found for ID: 28945
Profile_files.csv,737,C:\e_drive\.temp\twc-radix-data/profiles/4337\28946,No Radif File record found for ID: 28946
Profile_files.csv,738,C:\e_drive\.temp\twc-radix-data/profiles/4337\28947,No Radif File record found for ID: 28947
Profile_files.csv,739,C:\e_drive\.temp\twc-radix-data/profiles/4338\28952,No Radif File record found for ID: 28952
Profile_files.csv,740,C:\e_drive\.temp\twc-radix-data/profiles/4338\28956,No Radif File record found for ID: 28956
Profile_files.csv,741,C:\e_drive\.temp\twc-radix-data/profiles/3624\28958,No Radif File record found for ID: 28958
Profile_files.csv,742,C:\e_drive\.temp\twc-radix-data/profiles/3624\28959,No Radif File record found for ID: 28959
Profile_files.csv,743,C:\e_drive\.temp\twc-radix-data/profiles/3624\28960,No Radif File record found for ID: 28960
Profile_files.csv,744,C:\e_drive\.temp\twc-radix-data/profiles/4281\28961,No Radif File record found for ID: 28961
Profile_files.csv,745,C:\e_drive\.temp\twc-radix-data/profiles/4281\28962,No Radif File record found for ID: 28962
Profile_files.csv,746,C:\e_drive\.temp\twc-radix-data/profiles/809\28963,No Radif File record found for ID: 28963
Profile_files.csv,747,C:\e_drive\.temp\twc-radix-data/profiles/4280\28965,No Radif File record found for ID: 28965
Profile_files.csv,748,C:\e_drive\.temp\twc-radix-data/profiles/4280\28966,No Radif File record found for ID: 28966
Profile_files.csv,749,C:\e_drive\.temp\twc-radix-data/profiles/3872\28967,No Radif File record found for ID: 28967
Profile_files.csv,750,C:\e_drive\.temp\twc-radix-data/profiles/3872\28968,No Radif File record found for ID: 28968
Profile_files.csv,751,C:\e_drive\.temp\twc-radix-data/profiles/3986\28975,No Radif File record found for ID: 28975
Profile_files.csv,752,C:\e_drive\.temp\twc-radix-data/profiles/3359\28976,No Radif File record found for ID: 28976
Profile_files.csv,753,C:\e_drive\.temp\twc-radix-data/profiles/3987\28977,No Radif File record found for ID: 28977
Profile_files.csv,754,C:\e_drive\.temp\twc-radix-data/profiles/3987\28978,No Radif File record found for ID: 28978
Profile_files.csv,755,C:\e_drive\.temp\twc-radix-data/profiles/3986\28979,No Radif File record found for ID: 28979
Profile_files.csv,756,C:\e_drive\.temp\twc-radix-data/profiles/776\28980,No Radif File record found for ID: 28980
Profile_files.csv,757,C:\e_drive\.temp\twc-radix-data/profiles/776\28981,No Radif File record found for ID: 28981
Profile_files.csv,758,C:\e_drive\.temp\twc-radix-data/profiles/4165\28982,No Radif File record found for ID: 28982
Profile_files.csv,759,C:\e_drive\.temp\twc-radix-data/profiles/4165\28983,No Radif File record found for ID: 28983
Profile_files.csv,760,C:\e_drive\.temp\twc-radix-data/profiles/4031\28984,No Radif File record found for ID: 28984
Profile_files.csv,761,C:\e_drive\.temp\twc-radix-data/profiles/3872\28985,No Radif File record found for ID: 28985
Profile_files.csv,762,C:\e_drive\.temp\twc-radix-data/profiles/3872\28986,No Radif File record found for ID: 28986
Profile_files.csv,763,C:\e_drive\.temp\twc-radix-data/profiles/4094\29003,No Radif File record found for ID: 29003
Profile_files.csv,764,C:\e_drive\.temp\twc-radix-data/profiles/4094\29004,No Radif File record found for ID: 29004
Profile_files.csv,765,C:\e_drive\.temp\twc-radix-data/profiles/4024\29054,No Radif File record found for ID: 29054
Profile_files.csv,766,C:\e_drive\.temp\twc-radix-data/profiles/4024\29055,No Radif File record found for ID: 29055
Profile_files.csv,767,C:\e_drive\.temp\twc-radix-data/profiles/4345\29084,No Radif File record found for ID: 29084
Profile_files.csv,768,C:\e_drive\.temp\twc-radix-data/profiles/4347\29089,No Radif File record found for ID: 29089
Profile_files.csv,769,C:\e_drive\.temp\twc-radix-data/profiles/1496\29097,No Radif File record found for ID: 29097
Profile_files.csv,770,C:\e_drive\.temp\twc-radix-data/profiles/1496\29098,No Radif File record found for ID: 29098
Profile_files.csv,771,C:\e_drive\.temp\twc-radix-data/profiles/1496\29099,No Radif File record found for ID: 29099
Profile_files.csv,772,C:\e_drive\.temp\twc-radix-data/profiles/1496\29100,No Radif File record found for ID: 29100
Profile_files.csv,773,C:\e_drive\.temp\twc-radix-data/profiles/2698\29121,No Radif File record found for ID: 29121
Profile_files.csv,774,C:\e_drive\.temp\twc-radix-data/profiles/3271\29122,No Radif File record found for ID: 29122
Profile_files.csv,775,C:\e_drive\.temp\twc-radix-data/profiles/4348\29141,No Radif File record found for ID: 29141
Profile_files.csv,776,C:\e_drive\.temp\twc-radix-data/profiles/4348\29142,No Radif File record found for ID: 29142
Profile_files.csv,777,C:\e_drive\.temp\twc-radix-data/profiles/4348\29143,No Radif File record found for ID: 29143
Profile_files.csv,778,C:\e_drive\.temp\twc-radix-data/profiles/4348\29144,No Radif File record found for ID: 29144
Profile_files.csv,779,C:\e_drive\.temp\twc-radix-data/profiles/1799\29153,No Radif File record found for ID: 29153
Profile_files.csv,780,C:\e_drive\.temp\twc-radix-data/profiles/1799\29154,No Radif File record found for ID: 29154
Profile_files.csv,781,C:\e_drive\.temp\twc-radix-data/profiles/1799\29155,No Radif File record found for ID: 29155
Profile_files.csv,782,C:\e_drive\.temp\twc-radix-data/profiles/1799\29156,No Radif File record found for ID: 29156
Profile_files.csv,783,C:\e_drive\.temp\twc-radix-data/profiles/3359\29157,No Radif File record found for ID: 29157
Profile_files.csv,784,C:\e_drive\.temp\twc-radix-data/profiles/4231\29158,No Radif File record found for ID: 29158
Profile_files.csv,785,C:\e_drive\.temp\twc-radix-data/profiles/3984\29163,No Radif File record found for ID: 29163
Profile_files.csv,786,C:\e_drive\.temp\twc-radix-data/profiles/3647\29164,No Radif File record found for ID: 29164
Profile_files.csv,787,C:\e_drive\.temp\twc-radix-data/profiles/4248\29175,No Radif File record found for ID: 29175
Profile_files.csv,788,C:\e_drive\.temp\twc-radix-data/profiles/4248\29176,No Radif File record found for ID: 29176
Profile_files.csv,789,C:\e_drive\.temp\twc-radix-data/profiles/4272\29203,No Radif File record found for ID: 29203
Profile_files.csv,790,C:\e_drive\.temp\twc-radix-data/profiles/4272\29204,No Radif File record found for ID: 29204
Profile_files.csv,791,C:\e_drive\.temp\twc-radix-data/profiles/3122\29214,No Radif File record found for ID: 29214
Profile_files.csv,792,C:\e_drive\.temp\twc-radix-data/profiles/3122\29215,No Radif File record found for ID: 29215
Profile_files.csv,793,C:\e_drive\.temp\twc-radix-data/profiles/4264\29234,No Radif File record found for ID: 29234
Profile_files.csv,794,C:\e_drive\.temp\twc-radix-data/profiles/4264\29235,No Radif File record found for ID: 29235
Profile_files.csv,795,C:\e_drive\.temp\twc-radix-data/profiles/4020\29236,No Radif File record found for ID: 29236
Profile_files.csv,796,C:\e_drive\.temp\twc-radix-data/profiles/4210\29237,No Radif File record found for ID: 29237
Profile_files.csv,797,C:\e_drive\.temp\twc-radix-data/profiles/4233\29238,No Radif File record found for ID: 29238
Profile_files.csv,798,C:\e_drive\.temp\twc-radix-data/profiles/3235\29240,No Radif File record found for ID: 29240
Profile_files.csv,799,C:\e_drive\.temp\twc-radix-data/profiles/4071\29243,No Radif File record found for ID: 29243
Profile_files.csv,800,C:\e_drive\.temp\twc-radix-data/profiles/4071\29244,No Radif File record found for ID: 29244
Profile_files.csv,801,C:\e_drive\.temp\twc-radix-data/profiles/776\29246,No Radif File record found for ID: 29246
Profile_files.csv,802,C:\e_drive\.temp\twc-radix-data/profiles/4354\29252,No Radif File record found for ID: 29252
Profile_files.csv,803,C:\e_drive\.temp\twc-radix-data/profiles/4354\29254,No Radif File record found for ID: 29254
Profile_files.csv,804,C:\e_drive\.temp\twc-radix-data/profiles/4354\29255,No Radif File record found for ID: 29255
Profile_files.csv,805,C:\e_drive\.temp\twc-radix-data/profiles/2941\29258,No Radif File record found for ID: 29258
Profile_files.csv,806,C:\e_drive\.temp\twc-radix-data/profiles/2941\29259,No Radif File record found for ID: 29259
Profile_files.csv,807,C:\e_drive\.temp\twc-radix-data/profiles/759\29260,No Radif File record found for ID: 29260
Profile_files.csv,808,C:\e_drive\.temp\twc-radix-data/profiles/759\29261,No Radif File record found for ID: 29261
Profile_files.csv,809,C:\e_drive\.temp\twc-radix-data/profiles/239\29262,No Radif File record found for ID: 29262
Profile_files.csv,810,C:\e_drive\.temp\twc-radix-data/profiles/239\29263,No Radif File record found for ID: 29263
Profile_files.csv,811,C:\e_drive\.temp\twc-radix-data/profiles/244\29264,No Radif File record found for ID: 29264
Profile_files.csv,812,C:\e_drive\.temp\twc-radix-data/profiles/244\29265,No Radif File record found for ID: 29265
Profile_files.csv,813,C:\e_drive\.temp\twc-radix-data/profiles/100\29266,No Radif File record found for ID: 29266
Profile_files.csv,814,C:\e_drive\.temp\twc-radix-data/profiles/100\29267,No Radif File record found for ID: 29267
Profile_files.csv,815,C:\e_drive\.temp\twc-radix-data/profiles/1974\29268,No Radif File record found for ID: 29268
Profile_files.csv,816,C:\e_drive\.temp\twc-radix-data/profiles/3703\29269,No Radif File record found for ID: 29269
Profile_files.csv,817,C:\e_drive\.temp\twc-radix-data/profiles/3703\29270,No Radif File record found for ID: 29270
Profile_files.csv,818,C:\e_drive\.temp\twc-radix-data/profiles/88\29273,No Radif File record found for ID: 29273
Profile_files.csv,819,C:\e_drive\.temp\twc-radix-data/profiles/88\29274,No Radif File record found for ID: 29274
Profile_files.csv,820,C:\e_drive\.temp\twc-radix-data/profiles/2698\29275,No Radif File record found for ID: 29275
Profile_files.csv,821,C:\e_drive\.temp\twc-radix-data/profiles/4144\29283,No Radif File record found for ID: 29283
Profile_files.csv,822,C:\e_drive\.temp\twc-radix-data/profiles/4144\29284,No Radif File record found for ID: 29284
Profile_files.csv,823,C:\e_drive\.temp\twc-radix-data/profiles/776\29285,No Radif File record found for ID: 29285
Profile_files.csv,824,C:\e_drive\.temp\twc-radix-data/profiles/4193\29291,No Radif File record found for ID: 29291
Profile_files.csv,825,C:\e_drive\.temp\twc-radix-data/profiles/4193\29292,No Radif File record found for ID: 29292
Profile_files.csv,826,C:\e_drive\.temp\twc-radix-data/profiles/4355\29323,No Radif File record found for ID: 29323
Profile_files.csv,827,C:\e_drive\.temp\twc-radix-data/profiles/4355\29325,No Radif File record found for ID: 29325
Profile_files.csv,828,C:\e_drive\.temp\twc-radix-data/profiles/4355\29326,No Radif File record found for ID: 29326
Profile_files.csv,829,C:\e_drive\.temp\twc-radix-data/profiles/4355\29327,No Radif File record found for ID: 29327
Profile_files.csv,830,C:\e_drive\.temp\twc-radix-data/profiles/4356\29363,No Radif File record found for ID: 29363
Profile_files.csv,831,C:\e_drive\.temp\twc-radix-data/profiles/4356\29364,No Radif File record found for ID: 29364
Profile_files.csv,832,C:\e_drive\.temp\twc-radix-data/profiles/4356\29365,No Radif File record found for ID: 29365
Profile_files.csv,833,C:\e_drive\.temp\twc-radix-data/profiles/4356\29366,No Radif File record found for ID: 29366
Profile_files.csv,834,C:\e_drive\.temp\twc-radix-data/profiles/4358\29370,No Radif File record found for ID: 29370
Profile_files.csv,835,C:\e_drive\.temp\twc-radix-data/profiles/4358\29371,No Radif File record found for ID: 29371
Profile_files.csv,836,C:\e_drive\.temp\twc-radix-data/profiles/4358\29372,No Radif File record found for ID: 29372
Profile_files.csv,837,C:\e_drive\.temp\twc-radix-data/profiles/4358\29373,No Radif File record found for ID: 29373
Profile_files.csv,838,C:\e_drive\.temp\twc-radix-data/profiles/4357\29374,No Radif File record found for ID: 29374
Profile_files.csv,839,C:\e_drive\.temp\twc-radix-data/profiles/4333\29377,No Radif File record found for ID: 29377
Profile_files.csv,840,C:\e_drive\.temp\twc-radix-data/profiles/4327\29381,No Radif File record found for ID: 29381
Profile_files.csv,841,C:\e_drive\.temp\twc-radix-data/profiles/2396\29382,No Radif File record found for ID: 29382
Profile_files.csv,842,C:\e_drive\.temp\twc-radix-data/profiles/2396\29383,No Radif File record found for ID: 29383
Profile_files.csv,843,C:\e_drive\.temp\twc-radix-data/profiles/3406\29384,No Radif File record found for ID: 29384
Profile_files.csv,844,C:\e_drive\.temp\twc-radix-data/profiles/3406\29385,No Radif File record found for ID: 29385
Profile_files.csv,845,C:\e_drive\.temp\twc-radix-data/profiles/653\29386,No Radif File record found for ID: 29386
Profile_files.csv,846,C:\e_drive\.temp\twc-radix-data/profiles/653\29387,No Radif File record found for ID: 29387
Profile_files.csv,847,C:\e_drive\.temp\twc-radix-data/profiles/4231\29390,No Radif File record found for ID: 29390
Profile_files.csv,848,C:\e_drive\.temp\twc-radix-data/profiles/4368\29421,No Radif File record found for ID: 29421
Profile_files.csv,849,C:\e_drive\.temp\twc-radix-data/profiles/4369\29422,No Radif File record found for ID: 29422
Profile_files.csv,850,C:\e_drive\.temp\twc-radix-data/profiles/4368\29425,No Radif File record found for ID: 29425
Profile_files.csv,851,C:\e_drive\.temp\twc-radix-data/profiles/4368\29426,No Radif File record found for ID: 29426
Profile_files.csv,852,C:\e_drive\.temp\twc-radix-data/profiles/4368\29427,No Radif File record found for ID: 29427
Profile_files.csv,853,C:\e_drive\.temp\twc-radix-data/profiles/4363\29428,No Radif File record found for ID: 29428
Profile_files.csv,854,C:\e_drive\.temp\twc-radix-data/profiles/4363\29429,No Radif File record found for ID: 29429
Profile_files.csv,855,C:\e_drive\.temp\twc-radix-data/profiles/4363\29430,No Radif File record found for ID: 29430
Profile_files.csv,856,C:\e_drive\.temp\twc-radix-data/profiles/4363\29431,No Radif File record found for ID: 29431
Profile_files.csv,857,C:\e_drive\.temp\twc-radix-data/profiles/4370\29432,No Radif File record found for ID: 29432
Profile_files.csv,858,C:\e_drive\.temp\twc-radix-data/profiles/4370\29433,No Radif File record found for ID: 29433
Profile_files.csv,859,C:\e_drive\.temp\twc-radix-data/profiles/4370\29434,No Radif File record found for ID: 29434
Profile_files.csv,860,C:\e_drive\.temp\twc-radix-data/profiles/4370\29435,No Radif File record found for ID: 29435
Profile_files.csv,861,C:\e_drive\.temp\twc-radix-data/profiles/4369\29438,No Radif File record found for ID: 29438
Profile_files.csv,862,C:\e_drive\.temp\twc-radix-data/profiles/4369\29439,No Radif File record found for ID: 29439
